sampleID,DepthPG,target
AH.T5,4646.89636491609,transposase
AH.T5,324.944516095198,resolvase
AH.T5,70.6080428866738,class1Int
AH.T5,0,clinicalInt1
AH.T5,1691.86784771165,recombinase
AH.T5,2052.79458560086,integrase
AH.T7,1063.03233471235,transposase
AH.T7,71.5897524299492,class1Int
AH.T7,0,clinicalInt1
AH.T7,1827.49444984065,recombinase
AH.T7,622.508417662219,resolvase
AH.T7,2273.00997486941,integrase
AH.T9,70.45763290758,class1Int
AH.T9,2579.60850095509,integrase
AH.T9,4322.92455654318,transposase
AH.T9,0,clinicalInt1
AH.T9,630.188380838156,resolvase
AH.T9,1456.44346127214,recombinase
FJ.T10,0.00630410966533085,clinicalInt1
FJ.T10,20.5684571439394,class1Int
FJ.T10,896.825537886874,integrase
FJ.T10,3348.93215158542,transposase
FJ.T10,119.168982191833,resolvase
FJ.T10,406.105451734181,recombinase
FJ.T5,0,clinicalInt1
FJ.T5,2841.28496305031,integrase
FJ.T5,1638.91616403131,recombinase
FJ.T5,474.234102627375,resolvase
FJ.T5,80.6384720061538,class1Int
FJ.T5,10574.7134417626,transposase
FJ.T7,0.00771193219244491,clinicalInt1
FJ.T7,935.885958785378,integrase
FJ.T7,364.373430652366,recombinase
FJ.T7,20.5308151508898,class1Int
FJ.T7,106.436713755035,resolvase
FJ.T7,2583.93574507905,transposase
FX.T6,434.439971986191,integrase
FX.T6,205.731363853569,recombinase
FX.T6,988.664937629245,transposase
FX.T6,16.9197607073884,class1Int
FX.T6,88.2359945408448,resolvase
FX.T6,0.00839479280456116,clinicalInt1
FX.T7,0.0436062015667256,clinicalInt1
FX.T7,1546.79601856096,recombinase
FX.T7,1419.14360780638,resolvase
FX.T7,11202.1902023246,transposase
FX.T7,141.070959443336,class1Int
FX.T7,2759.31284407625,integrase
FX.T8,3122.3900847835,transposase
FX.T8,298.117038750666,resolvase
FX.T8,1793.04495358289,integrase
FX.T8,0,clinicalInt1
FX.T8,854.185746375771,recombinase
FX.T8,56.0946102896992,class1Int
GD.T10,4122.68893720871,transposase
GD.T10,110.354761290586,class1Int
GD.T10,244.722938518376,resolvase
GD.T10,1586.71150594977,integrase
GD.T10,0.0113101258220074,clinicalInt1
GD.T10,979.240395075096,recombinase
GD.T16,165.10561968865,class1Int
GD.T16,8491.89712801893,transposase
GD.T16,341.58493805307,resolvase
GD.T16,5092.60441930149,integrase
GD.T16,0.082973469158215,clinicalInt1
GD.T16,2482.41211289042,recombinase
GD.T18,0.0340618262172052,clinicalInt1
GD.T18,9464.79730119911,transposase
GD.T18,5930.76902532503,integrase
GD.T18,2920.3978387221,recombinase
GD.T18,116.901424039522,class1Int
GD.T18,342.119690093411,resolvase
GD.T26,0,clinicalInt1
GD.T26,1550.79063762172,integrase
GD.T26,293.125634230439,resolvase
GD.T26,4157.82337163477,transposase
GD.T26,47.4050477715889,class1Int
GD.T26,1029.56149607433,recombinase
GD.T28,66.2327993509496,class1Int
GD.T28,0,clinicalInt1
GD.T28,206.689568314668,resolvase
GD.T28,2441.75099571391,transposase
GD.T28,1500.07264192028,integrase
GD.T28,928.058789762567,recombinase
GD.T30,103.147858589569,class1Int
GD.T30,1807.30785652793,integrase
GD.T30,2933.87471496522,transposase
GD.T30,280.52110755809,resolvase
GD.T30,1086.31533113876,recombinase
GD.T30,0.108981040554529,clinicalInt1
GD.T6,278.392542943945,resolvase
GD.T6,1479.93576270753,integrase
GD.T6,939.034212704834,recombinase
GD.T6,3534.37737419887,transposase
GD.T6,0.024918673030456,clinicalInt1
GD.T6,115.903579887041,class1Int
GD.T8,287.732573638409,resolvase
GD.T8,4643.18187611374,transposase
GD.T8,1097.2592429496,recombinase
GD.T8,127.172097025984,class1Int
GD.T8,1823.60179066849,integrase
GD.T8,0.00138932947345018,clinicalInt1
GS.T16,315.944406923146,resolvase
GS.T16,1425.15271165461,recombinase
GS.T16,2985.61998420017,transposase
GS.T16,2210.5335975681,integrase
GS.T16,0.995906524714206,clinicalInt1
GS.T16,124.851234062016,class1Int
GS.T17,1286.01119869555,transposase
GS.T17,101.174578680117,resolvase
GS.T17,325.84643402564,recombinase
GS.T17,22.2002133132899,class1Int
GS.T17,762.540563452502,integrase
GS.T17,0.466805953741508,clinicalInt1
GS.T19,6775.00656451546,transposase
GS.T19,1881.16903769745,recombinase
GS.T19,632.44693960103,resolvase
GS.T19,224.274699981559,class1Int
GS.T19,3621.64291062571,integrase
GS.T19,2.51235462858958,clinicalInt1
GS.T5,10651.0478050205,transposase
GS.T5,0.0181586732341421,clinicalInt1
GS.T5,1349.53801482519,recombinase
GS.T5,496.765809737435,resolvase
GS.T5,71.8958176384113,class1Int
GS.T5,2746.48682479403,integrase
GS.T7,0.00389082396863379,clinicalInt1
GS.T7,8153.82243710443,transposase
GS.T7,475.340899523933,resolvase
GS.T7,1593.26985374753,recombinase
GS.T7,3225.59748246231,integrase
GS.T7,51.8208497286519,class1Int
GS.T8,0.0600579035608121,clinicalInt1
GS.T8,13226.2167802398,transposase
GS.T8,335.285358469046,resolvase
GS.T8,1026.17593195306,recombinase
GS.T8,2050.78439363867,integrase
GS.T8,95.7294587416195,class1Int
GX.T5,2543.08342857505,integrase
GX.T5,1417.30175224657,recombinase
GX.T5,7408.37848045664,transposase
GX.T5,504.566198944177,resolvase
GX.T5,116.557201810885,class1Int
GX.T5,0.0188268184431273,clinicalInt1
GX.T7,324.95519761725,resolvase
GX.T7,1191.15358914291,recombinase
GX.T7,3971.29630102468,transposase
GX.T7,134.500968727154,class1Int
GX.T7,0.00222544743371864,clinicalInt1
GX.T7,1840.50529074869,integrase
GX.T9,302.455570402799,resolvase
GX.T9,4904.16911260354,transposase
GX.T9,1147.51173103033,recombinase
GX.T9,0,clinicalInt1
GX.T9,120.141604180666,class1Int
GX.T9,1889.70858152896,integrase
GZ.T10,6312.55054143546,transposase
GZ.T10,317.703184818643,resolvase
GZ.T10,46.0427609504939,class1Int
GZ.T10,2080.70996347912,integrase
GZ.T10,0.00903499148950783,clinicalInt1
GZ.T10,1280.2305830655,recombinase
GZ.T5,6862.49197057561,transposase
GZ.T5,0,clinicalInt1
GZ.T5,136.943190169269,class1Int
GZ.T5,1779.55723534807,integrase
GZ.T5,302.169730464333,resolvase
GZ.T5,1082.18785157315,recombinase
GZ.T7,7740.33803511912,transposase
GZ.T7,0.00565209143119839,clinicalInt1
GZ.T7,405.515234354136,resolvase
GZ.T7,148.041777533451,class1Int
GZ.T7,2382.99611316498,integrase
GZ.T7,1425.58654650961,recombinase
HeB.T10,4352.7213877608,transposase
HeB.T10,0.011341950143497,clinicalInt1
HeB.T10,3553.50533404026,integrase
HeB.T10,138.468099263895,class1Int
HeB.T10,1894.28385475104,recombinase
HeB.T10,594.463275171986,resolvase
HeB.T6,0.00388703314214604,clinicalInt1
HeB.T6,1910.56282489007,recombinase
HeB.T6,133.598466956256,class1Int
HeB.T6,673.272715433293,resolvase
HeB.T6,3737.35970522787,integrase
HeB.T6,3322.26424400122,transposase
HeB.T8,1669.2828913375,recombinase
HeB.T8,3604.52610487874,transposase
HeB.T8,3203.66078814483,integrase
HeB.T8,127.215481425154,class1Int
HeB.T8,592.432586686229,resolvase
HeB.T8,0,clinicalInt1
HLJ.T5,1175.02722095541,recombinase
HLJ.T5,1747.18347692225,integrase
HLJ.T5,330.29847492846,resolvase
HLJ.T5,151.196343406953,class1Int
HLJ.T5,3040.29662738739,transposase
HLJ.T5,0.0655571748919764,clinicalInt1
HLJ.T7,1214.4274102297,recombinase
HLJ.T7,347.726214356547,resolvase
HLJ.T7,1796.00796145429,integrase
HLJ.T7,2921.93806714555,transposase
HLJ.T7,133.588330054718,class1Int
HLJ.T7,0,clinicalInt1
HLJ.T9,1232.56588867458,recombinase
HLJ.T9,363.71952995366,resolvase
HLJ.T9,1911.11182796294,integrase
HLJ.T9,3351.99250971486,transposase
HLJ.T9,0.0275156488287927,clinicalInt1
HLJ.T9,132.932998709051,class1Int
HuB.T10,4.8008132437892,resolvase
HuB.T10,86.3730080208102,transposase
HuB.T10,33.9904509909813,recombinase
HuB.T10,1.97102967603609,class1Int
HuB.T10,64.0519167247909,integrase
HuB.T10,0,clinicalInt1
HuB.T6,36019.2988890427,transposase
HuB.T6,0.0445760178639919,clinicalInt1
HuB.T6,30.9176485608401,class1Int
HuB.T6,340.654017632975,resolvase
HuB.T6,1010.48559009971,recombinase
HuB.T6,2213.00690215987,integrase
HuB.T8,9922.79342873533,transposase
HuB.T8,2259.59499466603,resolvase
HuB.T8,3856.7025132003,integrase
HuB.T8,0.0147304615963862,clinicalInt1
HuB.T8,1995.17480274086,recombinase
HuB.T8,51.4438747733387,class1Int
HuN.T15,0.0717462226021933,clinicalInt1
HuN.T15,778.258064092879,resolvase
HuN.T15,7445.9158118453,transposase
HuN.T15,3426.37228631678,integrase
HuN.T15,2016.07279813661,recombinase
HuN.T15,203.677549231557,class1Int
HuN.T17,151.338785594234,class1Int
HuN.T17,2716.43292848656,integrase
HuN.T17,1599.59914258452,recombinase
HuN.T17,0.0251617803400374,clinicalInt1
HuN.T17,4111.20616668268,transposase
HuN.T17,513.818248895044,resolvase
HuN.T19,3608.00330876448,integrase
HuN.T19,2013.63979738621,recombinase
HuN.T19,184.296127210003,class1Int
HuN.T19,5860.01949690931,transposase
HuN.T19,628.942991388228,resolvase
HuN.T19,0.0412205887810082,clinicalInt1
HuN.T5,106.459636209484,class1Int
HuN.T5,1729.80276602701,integrase
HuN.T5,6357.88310318942,transposase
HuN.T5,325.673548341591,resolvase
HuN.T5,978.362203432318,recombinase
HuN.T5,0.045028241073812,clinicalInt1
HuN.T7,490.829991336102,recombinase
HuN.T7,18.2293857053326,class1Int
HuN.T7,3412.0431335599,transposase
HuN.T7,803.628848398278,integrase
HuN.T7,137.856774953882,resolvase
HuN.T7,0,clinicalInt1
HuN.T9,190.236536333376,resolvase
HuN.T9,586.111042989672,recombinase
HuN.T9,4482.4594630586,transposase
HuN.T9,942.997633432857,integrase
HuN.T9,40.8492524399167,class1Int
HuN.T9,0,clinicalInt1
JS.T5,38.7745170594637,recombinase
JS.T5,183.723322328779,transposase
JS.T5,8.39386152118722,resolvase
JS.T5,0,clinicalInt1
JS.T5,67.1369190301486,integrase
JS.T5,3.01531002384183,class1Int
JS.T7,402.218497114758,recombinase
JS.T7,1233.63233734806,transposase
JS.T7,49.1452301748401,resolvase
JS.T7,24.1862083132737,class1Int
JS.T7,0.00949582967244071,clinicalInt1
JS.T7,811.582067105532,integrase
JS.T9,4386.3447167363,transposase
JS.T9,1505.11612996979,recombinase
JS.T9,481.609617783905,resolvase
JS.T9,145.57750798271,class1Int
JS.T9,2141.57246842706,integrase
JS.T9,0,clinicalInt1
JX.T10,2579.272817813,transposase
JX.T10,0.0316991534674641,clinicalInt1
JX.T10,155.177265852681,class1Int
JX.T10,385.830739840034,resolvase
JX.T10,2050.34622762968,integrase
JX.T10,1299.80035183062,recombinase
JX.T15,1745.8906562552,integrase
JX.T15,126.520982152065,class1Int
JX.T15,1162.35168917817,recombinase
JX.T15,354.34686166989,resolvase
JX.T15,2595.21687491986,transposase
JX.T15,0.0034074075444035,clinicalInt1
JX.T17,1573.91717900479,integrase
JX.T17,329.827929357099,resolvase
JX.T17,2148.75828268375,transposase
JX.T17,1116.60192690349,recombinase
JX.T17,0.00567140319366701,clinicalInt1
JX.T17,111.875575971017,class1Int
JX.T19,449.273604983418,resolvase
JX.T19,1771.38854502793,recombinase
JX.T19,69.9206898801177,class1Int
JX.T19,5635.92335003942,integrase
JX.T19,9292.87831463712,transposase
JX.T19,0.0116708152783356,clinicalInt1
JX.T27,29.196971790347,transposase
JX.T27,4.54646394007378,recombinase
JX.T27,5.47722496013465,integrase
JX.T27,0.267782246516806,class1Int
JX.T27,0.156718093936656,resolvase
JX.T27,0,clinicalInt1
JX.T28,1392.55121469831,transposase
JX.T28,603.312837814994,recombinase
JX.T28,3.90555586147884,clinicalInt1
JX.T28,199.434636017856,resolvase
JX.T28,1061.87232222686,integrase
JX.T28,44.6657592229683,class1Int
JX.T35,5310.02318359399,transposase
JX.T35,55.5217692386916,class1Int
JX.T35,515.688541830234,resolvase
JX.T35,1986.00249632555,integrase
JX.T35,0.0121937890402628,clinicalInt1
JX.T35,1374.19783695752,recombinase
JX.T37,543.968777576421,transposase
JX.T37,6.95102324569288,class1Int
JX.T37,243.104251453368,integrase
JX.T37,0.0690820150735543,clinicalInt1
JX.T37,175.965759738629,recombinase
JX.T37,24.782422229143,resolvase
JX.T39,0,clinicalInt1
JX.T39,1837.28263818612,integrase
JX.T39,54.7745377295671,class1Int
JX.T39,443.640779133307,resolvase
JX.T39,5902.99905431737,transposase
JX.T39,1419.65524819787,recombinase
JX.T45,0,clinicalInt1
JX.T45,11.2579081264142,class1Int
JX.T45,8166.0284976825,transposase
JX.T45,136.049113596137,resolvase
JX.T45,1173.14015927782,recombinase
JX.T45,1983.26547006522,integrase
JX.T47,117.346035449808,class1Int
JX.T47,0,clinicalInt1
JX.T47,5556.59619565661,transposase
JX.T47,407.154909281865,resolvase
JX.T47,1088.96167492842,recombinase
JX.T47,2977.17942716522,integrase
JX.T5,1968.21221744638,integrase
JX.T5,1232.86304167483,recombinase
JX.T5,375.565272618889,resolvase
JX.T5,158.355239603375,class1Int
JX.T5,2353.58115172366,transposase
JX.T5,0.00684706380945701,clinicalInt1
JX.T50,512.584817552479,resolvase
JX.T50,1968.99509958744,recombinase
JX.T50,6278.5920257098,transposase
JX.T50,225.481971617609,class1Int
JX.T50,3305.52914182796,integrase
JX.T50,0,clinicalInt1
JX.T7,2985.37105635036,transposase
JX.T7,350.349786827274,resolvase
JX.T7,1290.10015306632,recombinase
JX.T7,2097.16218769852,integrase
JX.T7,0,clinicalInt1
JX.T7,144.190651847451,class1Int
LD180201-0001,9668.81849034314,transposase
LD180201-0001,397.141599504883,resolvase
LD180201-0001,1523.89219609123,recombinase
LD180201-0001,125.019637709747,class1Int
LD180201-0001,3423.89453567479,integrase
LD180201-0001,0.0101474672328779,clinicalInt1
LD180201-0003,0.00597390962079486,clinicalInt1
LD180201-0003,9023.34121963259,transposase
LD180201-0003,301.122845609621,resolvase
LD180201-0003,2755.61443003291,integrase
LD180201-0003,87.760878943769,class1Int
LD180201-0003,1212.5562563557,recombinase
LD180201-0005,0.0166716572531208,clinicalInt1
LD180201-0005,127.732514171787,class1Int
LD180201-0005,10130.3810408538,transposase
LD180201-0005,3300.22696358589,integrase
LD180201-0005,1506.54657047363,recombinase
LD180201-0005,485.762294396564,resolvase
LD180201-0006,0,clinicalInt1
LD180201-0006,34.3803817578614,class1Int
LD180201-0006,3694.09187159145,transposase
LD180201-0006,137.78911956913,resolvase
LD180201-0006,442.645774385971,recombinase
LD180201-0006,803.249865030442,integrase
LD180201-0007,3734.11511960727,transposase
LD180201-0007,38.0071557556785,class1Int
LD180201-0007,0.0181603373238516,clinicalInt1
LD180201-0007,442.784102060123,recombinase
LD180201-0007,137.389615479684,resolvase
LD180201-0007,899.246239885839,integrase
LD180201-0008,26.4586608126799,class1Int
LD180201-0008,0.536645021172527,clinicalInt1
LD180201-0008,3122.60063278619,transposase
LD180201-0008,154.041061413732,resolvase
LD180201-0008,455.542423313401,recombinase
LD180201-0008,747.170902315281,integrase
LD180201-0009,30.3783112554499,class1Int
LD180201-0009,3014.91468706788,transposase
LD180201-0009,117.203534451,resolvase
LD180201-0009,439.520053348629,recombinase
LD180201-0009,871.269045616718,integrase
LD180201-0009,0.001204420275472,clinicalInt1
LD180201-0010,764.022777244279,integrase
LD180201-0010,24.2394399983275,class1Int
LD180201-0010,2847.01477248442,transposase
LD180201-0010,191.908702963308,resolvase
LD180201-0010,482.906509667784,recombinase
LD180201-0010,0,clinicalInt1
LD180201-0011,2972.72222102291,integrase
LD180201-0011,1504.00182674832,recombinase
LD180201-0011,130.150635836676,class1Int
LD180201-0011,6812.72236517863,transposase
LD180201-0011,652.066557669469,resolvase
LD180201-0011,0.00904153431879395,clinicalInt1
LD180201-0012,628.156555851707,recombinase
LD180201-0012,4113.84352955284,transposase
LD180201-0012,257.875360658144,resolvase
LD180201-0012,0.611263406956793,clinicalInt1
LD180201-0012,45.5908437111501,class1Int
LD180201-0012,1189.5665827196,integrase
LD180201-0013,0,clinicalInt1
LD180201-0013,6238.92272935686,transposase
LD180201-0013,2422.53268324772,integrase
LD180201-0013,90.0330439621542,class1Int
LD180201-0013,544.843434498982,resolvase
LD180201-0013,1304.72077344417,recombinase
LD180201-0014,0.00709091606299816,clinicalInt1
LD180201-0014,117.823405431851,class1Int
LD180201-0014,3515.07945814295,integrase
LD180201-0014,10615.7008073469,transposase
LD180201-0014,558.423434712637,resolvase
LD180201-0014,1726.1091791088,recombinase
LD180201-0015,1830.07412544762,integrase
LD180201-0015,98.7602053449153,class1Int
LD180201-0015,5253.58069390715,transposase
LD180201-0015,996.546847262428,recombinase
LD180201-0015,0.0542358342642343,clinicalInt1
LD180201-0015,311.575324577276,resolvase
LD180201-0016,90.859003394102,class1Int
LD180201-0016,1720.96170840035,integrase
LD180201-0016,939.472232110752,recombinase
LD180201-0016,5698.00780472645,transposase
LD180201-0016,0.0293593807121873,clinicalInt1
LD180201-0016,345.335944997515,resolvase
LD180201-0017,100.647366486428,class1Int
LD180201-0017,294.099670893749,resolvase
LD180201-0017,1062.21180616775,recombinase
LD180201-0017,1862.75500280115,integrase
LD180201-0017,4738.46979524755,transposase
LD180201-0017,0.020541237986585,clinicalInt1
LD180201-0018,949.146923759034,recombinase
LD180201-0018,1654.31397154395,integrase
LD180201-0018,93.4954223202362,class1Int
LD180201-0018,320.393256983964,resolvase
LD180201-0018,4623.36550599857,transposase
LD180201-0018,0,clinicalInt1
LD180201-0019,1562.22977079241,recombinase
LD180201-0019,419.958094434807,resolvase
LD180201-0019,2999.84215549432,integrase
LD180201-0019,8308.03072160965,transposase
LD180201-0019,0.0283088176661283,clinicalInt1
LD180201-0019,122.789694411991,class1Int
LD180205-0002,0,clinicalInt1
LD180205-0002,9663.10818837219,transposase
LD180205-0002,1503.93611674471,recombinase
LD180205-0002,125.9363150964,class1Int
LD180205-0002,3230.90490324857,integrase
LD180205-0002,467.258445614589,resolvase
LD180205-0003,0,clinicalInt1
LD180205-0003,1251.743108446,integrase
LD180205-0003,3724.94724506005,transposase
LD180205-0003,594.723651966563,recombinase
LD180205-0003,49.1426320480786,class1Int
LD180205-0003,163.301572009932,resolvase
LD180205-0004,2918.3144409878,integrase
LD180205-0004,0.273454016579324,clinicalInt1
LD180205-0004,9611.56097958778,transposase
LD180205-0004,108.029694526582,class1Int
LD180205-0004,1251.84882752652,recombinase
LD180205-0004,350.321702359764,resolvase
LD180205-0005,139.410658909418,class1Int
LD180205-0005,0.295236353279197,clinicalInt1
LD180205-0005,1714.59640370082,recombinase
LD180205-0005,488.937963597172,resolvase
LD180205-0005,3769.79159525157,integrase
LD180205-0005,10305.7727873942,transposase
LD180205-0006,135.886980960569,class1Int
LD180205-0006,3714.12763897498,integrase
LD180205-0006,456.447988964776,resolvase
LD180205-0006,10510.1300402089,transposase
LD180205-0006,1632.45312668073,recombinase
LD180205-0006,0,clinicalInt1
LD180205-0007,122.231917417738,class1Int
LD180205-0007,1197.64017641836,recombinase
LD180205-0007,0,clinicalInt1
LD180205-0007,8753.92974420104,transposase
LD180205-0007,2891.26643742592,integrase
LD180205-0007,333.884867587157,resolvase
LD180319-0001,2416.67516911647,integrase
LD180319-0001,102.203612789142,class1Int
LD180319-0001,6439.15088046093,transposase
LD180319-0001,362.072233909535,resolvase
LD180319-0001,1016.59852367026,recombinase
LD180319-0001,0.131454129889448,clinicalInt1
LD180319-0002,2655.45375157653,integrase
LD180319-0002,1136.53459712842,recombinase
LD180319-0002,7083.60509883034,transposase
LD180319-0002,422.421888383233,resolvase
LD180319-0002,113.981443146624,class1Int
LD180319-0002,0.172551892786668,clinicalInt1
LD180319-0003,7409.21677998595,transposase
LD180319-0003,1121.68832246072,recombinase
LD180319-0003,477.669417665544,resolvase
LD180319-0003,2584.97098646303,integrase
LD180319-0003,109.581733185081,class1Int
LD180319-0003,0.332169300470799,clinicalInt1
LD180319-0004,7735.04903146271,transposase
LD180319-0004,1215.44298995407,recombinase
LD180319-0004,421.994183577599,resolvase
LD180319-0004,120.223709628664,class1Int
LD180319-0004,2959.27377008318,integrase
LD180319-0004,0.101075174632192,clinicalInt1
LD180319-0005,199.240213599131,resolvase
LD180319-0005,3511.16262594145,transposase
LD180319-0005,646.746845103818,recombinase
LD180319-0005,78.844383922835,class1Int
LD180319-0005,1218.21145756844,integrase
LD180319-0005,0.00648965729547357,clinicalInt1
LD180319-0006,219.774152281815,resolvase
LD180319-0006,3658.89490973653,transposase
LD180319-0006,1355.57450963985,integrase
LD180319-0006,706.836933334349,recombinase
LD180319-0006,0.18421927102135,clinicalInt1
LD180319-0006,86.7900809918685,class1Int
LD180319-0007,0.0170346238355156,clinicalInt1
LD180319-0007,3666.04566807373,transposase
LD180319-0007,231.512550568526,resolvase
LD180319-0007,755.300092787626,recombinase
LD180319-0007,1370.45771081716,integrase
LD180319-0007,87.4378217165433,class1Int
LD180319-0008,0,clinicalInt1
LD180319-0008,228.019798816953,resolvase
LD180319-0008,3685.973304166,transposase
LD180319-0008,1350.76769219863,integrase
LD180319-0008,742.424362936461,recombinase
LD180319-0008,87.3158433239308,class1Int
LD180319-0009,87.2144341750236,class1Int
LD180319-0009,3664.36509490757,transposase
LD180319-0009,0,clinicalInt1
LD180319-0009,739.299444573601,recombinase
LD180319-0009,227.015391977077,resolvase
LD180319-0009,1354.38727807283,integrase
LD180319-0010,80.4564372101542,class1Int
LD180319-0010,3585.49468461258,transposase
LD180319-0010,196.425003809768,resolvase
LD180319-0010,644.04670760243,recombinase
LD180319-0010,1247.50892378298,integrase
LD180319-0010,0.354035339066125,clinicalInt1
LD180319-0011,145.472897682394,resolvase
LD180319-0011,2197.62170071076,transposase
LD180319-0011,477.011337565601,recombinase
LD180319-0011,842.789663133177,integrase
LD180319-0011,58.4675899822075,class1Int
LD180319-0011,0.148353153591898,clinicalInt1
LD180319-0012,176.885353501764,resolvase
LD180319-0012,2647.22152382788,transposase
LD180319-0012,982.246788006184,integrase
LD180319-0012,550.665864254961,recombinase
LD180319-0012,58.9848964211167,class1Int
LD180319-0012,0.0389196728901801,clinicalInt1
LD180319-0013,2098.41188439196,transposase
LD180319-0013,119.994481753284,resolvase
LD180319-0013,673.685537498894,integrase
LD180319-0013,48.0946132384988,class1Int
LD180319-0013,0.0206403131452209,clinicalInt1
LD180319-0013,397.99330493465,recombinase
LD180319-0014,0.0142112130620431,clinicalInt1
LD180319-0014,2409.20933066811,transposase
LD180319-0014,52.938529599571,class1Int
LD180319-0014,442.865233237164,recombinase
LD180319-0014,767.582275991411,integrase
LD180319-0014,141.492435680433,resolvase
LD180319-0015,43.6220648581481,class1Int
LD180319-0015,0.0374552747641275,clinicalInt1
LD180319-0015,372.644416760561,recombinase
LD180319-0015,644.399247058592,integrase
LD180319-0015,114.461142590443,resolvase
LD180319-0015,2046.86379311436,transposase
LD180319-0016,56.4003203026329,class1Int
LD180319-0016,2577.48285807725,transposase
LD180319-0016,0.0394366471595558,clinicalInt1
LD180319-0016,860.360193255708,integrase
LD180319-0016,157.853984864001,resolvase
LD180319-0016,497.594701775137,recombinase
LD180320-0020,60.7125694093283,class1Int
LD180320-0020,0.00817834051072109,clinicalInt1
LD180320-0020,479.366549889111,recombinase
LD180320-0020,151.845666523252,resolvase
LD180320-0020,1028.37544424268,integrase
LD180320-0020,3676.58364752925,transposase
LD180320-0021,50.6525985437728,class1Int
LD180320-0021,127.397947234433,resolvase
LD180320-0021,823.616952720848,integrase
LD180320-0021,2795.57531945547,transposase
LD180320-0021,408.706556776782,recombinase
LD180320-0021,0.0258082210120048,clinicalInt1
LD180320-0022,135.819645001315,resolvase
LD180320-0022,442.190144398373,recombinase
LD180320-0022,882.839180367604,integrase
LD180320-0022,2953.64431220278,transposase
LD180320-0022,0.0091741054634099,clinicalInt1
LD180320-0022,55.4993988760569,class1Int
LD180320-0023,409.270837318239,recombinase
LD180320-0023,103.741358828823,resolvase
LD180320-0023,1953.8649456905,transposase
LD180320-0023,688.938675395936,integrase
LD180320-0023,0.00812481786736198,clinicalInt1
LD180320-0023,47.1791575976054,class1Int
LD180320-0024,80.0172927588841,resolvase
LD180320-0024,370.860751553548,recombinase
LD180320-0024,1514.83680225009,transposase
LD180320-0024,587.131139820172,integrase
LD180320-0024,0.0243192394114422,clinicalInt1
LD180320-0024,36.0224204234737,class1Int
LD180320-0025,1620.87180736766,transposase
LD180320-0025,87.7600705860444,resolvase
LD180320-0025,381.657686173943,recombinase
LD180320-0025,0.00314834800122707,clinicalInt1
LD180320-0025,612.710225391919,integrase
LD180320-0025,38.3488574695047,class1Int
LD180320-0026,1297.51328221099,transposase
LD180320-0026,0.00241885163997391,clinicalInt1
LD180320-0026,70.3120171740463,resolvase
LD180320-0026,325.072445676375,recombinase
LD180320-0026,513.531890521245,integrase
LD180320-0026,32.5461665722373,class1Int
LD180320-0027,1396.12938295909,transposase
LD180320-0027,33.9896835016376,class1Int
LD180320-0027,73.08698720435,resolvase
LD180320-0027,0.00308824136542914,clinicalInt1
LD180320-0027,549.866478298725,integrase
LD180320-0027,350.993832901815,recombinase
LD180320-0028,0.00469464663205756,clinicalInt1
LD180320-0028,7154.80195539214,transposase
LD180320-0028,104.123231989192,class1Int
LD180320-0028,1294.69899189036,recombinase
LD180320-0028,405.793433588101,resolvase
LD180320-0028,2664.45900970202,integrase
LD180320-0029,0.0044960564137267,clinicalInt1
LD180320-0029,97.4346906505456,class1Int
LD180320-0029,6875.31750296088,transposase
LD180320-0029,1238.79109560289,recombinase
LD180320-0029,377.339808150819,resolvase
LD180320-0029,2477.9778954073,integrase
LD180320-0030,1001.21131178827,recombinase
LD180320-0030,2038.76943198087,integrase
LD180320-0030,69.5952724719781,class1Int
LD180320-0030,7401.06352328422,transposase
LD180320-0030,299.243287365837,resolvase
LD180320-0030,0.0103877783713045,clinicalInt1
LD180320-0031,1095.756478454,recombinase
LD180320-0031,2250.33078561426,integrase
LD180320-0031,320.619513426212,resolvase
LD180320-0031,7618.01764366649,transposase
LD180320-0031,0.00331062311519433,clinicalInt1
LD180320-0031,83.5036707518717,class1Int
LD180320-0032,2136.85900036556,integrase
LD180320-0032,1052.19963245538,recombinase
LD180320-0032,6983.39053280249,transposase
LD180320-0032,328.736920373814,resolvase
LD180320-0032,0,clinicalInt1
LD180320-0032,80.584052532988,class1Int
LD180320-0033,287.6912566132,resolvase
LD180320-0033,1942.08264541569,integrase
LD180320-0033,965.85916447198,recombinase
LD180320-0033,7064.46331566068,transposase
LD180320-0033,66.0782196247026,class1Int
LD180320-0033,0.00423271813564859,clinicalInt1
LD180320-0034,274.033278345167,resolvase
LD180320-0034,6766.96490434507,transposase
LD180320-0034,1810.306262691,integrase
LD180320-0034,930.153852487839,recombinase
LD180320-0034,0.00323245440925514,clinicalInt1
LD180320-0034,63.7344266382566,class1Int
LD180321-0001,125.324072288753,resolvase
LD180321-0001,0.00326141890569813,clinicalInt1
LD180321-0001,3211.47872145722,transposase
LD180321-0001,425.286378008715,recombinase
LD180321-0001,53.2946793915244,class1Int
LD180321-0001,925.658006608729,integrase
LD180321-0002,124.552024813475,resolvase
LD180321-0002,3052.2110649153,transposase
LD180321-0002,854.394236582421,integrase
LD180321-0002,0.0095472896389368,clinicalInt1
LD180321-0002,407.609479061629,recombinase
LD180321-0002,52.139562469017,class1Int
LD180327-0003,12800.7161485089,transposase
LD180327-0003,326.981615413924,resolvase
LD180327-0003,1281.83981534107,recombinase
LD180327-0003,3303.56454075198,integrase
LD180327-0003,104.272825523599,class1Int
LD180327-0003,0,clinicalInt1
LD180327-0004,90.5843185905322,class1Int
LD180327-0004,2596.9676527361,integrase
LD180327-0004,10827.1384903432,transposase
LD180327-0004,317.386395205605,resolvase
LD180327-0004,1264.18103471234,recombinase
LD180327-0004,0,clinicalInt1
LD180327-0005,1119.91007813383,recombinase
LD180327-0005,2253.2154955384,integrase
LD180327-0005,272.702762286551,resolvase
LD180327-0005,10624.1565366824,transposase
LD180327-0005,64.8382798901671,class1Int
LD180327-0005,0,clinicalInt1
LD180327-0006,885.741625542829,recombinase
LD180327-0006,7311.47100276841,transposase
LD180327-0006,373.448740250567,resolvase
LD180327-0006,95.2879132477939,class1Int
LD180327-0006,1598.89439236641,integrase
LD180327-0006,0,clinicalInt1
LD180327-0007,7168.69106800335,transposase
LD180327-0007,817.602237133993,recombinase
LD180327-0007,323.086426305569,resolvase
LD180327-0007,1459.40520905944,integrase
LD180327-0007,93.5195483113452,class1Int
LD180327-0007,0.00117222730791061,clinicalInt1
LD180327-0008,9145.43506038465,transposase
LD180327-0008,526.954580228923,resolvase
LD180327-0008,1694.44249881728,recombinase
LD180327-0008,0.0325097227872229,clinicalInt1
LD180327-0008,105.509943603953,class1Int
LD180327-0008,3308.61971649162,integrase
LD180327-0009,260.486273750853,resolvase
LD180327-0009,1301.17936097568,recombinase
LD180327-0009,9785.33781183959,transposase
LD180327-0009,2571.40607732943,integrase
LD180327-0009,0,clinicalInt1
LD180327-0009,61.9330549337802,class1Int
LD180328-0001,6633.95912413432,transposase
LD180328-0001,280.536856538455,resolvase
LD180328-0001,715.125060750951,recombinase
LD180328-0001,74.3601136677411,class1Int
LD180328-0001,1265.94776262487,integrase
LD180328-0001,0.0116265249906288,clinicalInt1
LD180328-0002,3709.72620642156,integrase
LD180328-0002,0.001212070473993,clinicalInt1
LD180328-0002,13214.3674612449,transposase
LD180328-0002,1335.69350248494,recombinase
LD180328-0002,87.4201518600888,class1Int
LD180328-0002,281.903509168828,resolvase
LD180328-0003,0,clinicalInt1
LD180328-0003,1342.95218769659,recombinase
LD180328-0003,39.0978414297708,class1Int
LD180328-0003,2303.37638219228,integrase
LD180328-0003,285.488004790289,resolvase
LD180328-0003,10887.3291323542,transposase
LD180328-0004,31.4516838969816,class1Int
LD180328-0004,833.348664190158,integrase
LD180328-0004,0,clinicalInt1
LD180328-0004,504.196473237494,recombinase
LD180328-0004,3245.40080230351,transposase
LD180328-0004,157.912748330908,resolvase
LD180328-0005,45.0857538467626,class1Int
LD180328-0005,881.115130790673,integrase
LD180328-0005,4147.59574308204,transposase
LD180328-0005,186.07581823687,resolvase
LD180328-0005,508.127969186544,recombinase
LD180328-0005,0,clinicalInt1
LD180328-0006,72.207165554312,class1Int
LD180328-0006,1454.29670789231,integrase
LD180328-0006,5097.36622209915,transposase
LD180328-0006,809.275408899193,recombinase
LD180328-0006,285.861049732469,resolvase
LD180328-0006,0,clinicalInt1
LD180328-0007,639.585781192075,recombinase
LD180328-0007,222.165301988411,resolvase
LD180328-0007,3961.77860414779,transposase
LD180328-0007,1158.51986992702,integrase
LD180328-0007,53.6209848649215,class1Int
LD180328-0007,0.0459800482062616,clinicalInt1
LD180328-0008,204.382368309979,resolvase
LD180328-0008,4711.20628000735,transposase
LD180328-0008,740.056315092762,recombinase
LD180328-0008,0.259311488040546,clinicalInt1
LD180328-0008,65.7164733879609,class1Int
LD180328-0008,1508.87802574851,integrase
LD180328-0009,278.583049917224,resolvase
LD180328-0009,5775.10436653471,transposase
LD180328-0009,946.496971683804,recombinase
LD180328-0009,83.0576276171697,class1Int
LD180328-0009,2057.57949272942,integrase
LD180328-0009,0.0077115045937638,clinicalInt1
LD180328-0010,6066.0487975533,transposase
LD180328-0010,1022.94860027718,recombinase
LD180328-0010,313.883964745141,resolvase
LD180328-0010,91.645454305677,class1Int
LD180328-0010,2156.50807643104,integrase
LD180328-0010,0.00217970805428047,clinicalInt1
LD180328-0011,25.9403825781589,class1Int
LD180328-0011,1660.91469501184,transposase
LD180328-0011,0,clinicalInt1
LD180328-0011,555.227946360778,integrase
LD180328-0011,298.986356341055,recombinase
LD180328-0011,79.3196201596327,resolvase
LD180328-0012,84.9640399871147,class1Int
LD180328-0012,1692.79735950341,integrase
LD180328-0012,0,clinicalInt1
LD180328-0012,282.430373422601,resolvase
LD180328-0012,4563.6819360565,transposase
LD180328-0012,928.904182112112,recombinase
LD180328-0014,0.0779738411056511,clinicalInt1
LD180328-0014,52.7949169102602,class1Int
LD180328-0014,1218.05626015883,integrase
LD180328-0014,4171.20954772325,transposase
LD180328-0014,216.628299270624,resolvase
LD180328-0014,661.205185893193,recombinase
LD180402-0001,93.420271651327,class1Int
LD180402-0001,0.0923556790120468,clinicalInt1
LD180402-0001,273.342019453721,resolvase
LD180402-0001,7448.05831583723,transposase
LD180402-0001,3087.01066136812,integrase
LD180402-0001,912.222063609503,recombinase
LD180402-0002,1926.53214745462,integrase
LD180402-0002,49.3596608583742,class1Int
LD180402-0002,5685.22596155293,transposase
LD180402-0002,197.056858746659,resolvase
LD180402-0002,555.807054574286,recombinase
LD180402-0002,0.104069907217186,clinicalInt1
LD180402-0003,3276.2226927618,integrase
LD180402-0003,10557.7513524278,transposase
LD180402-0003,338.184942177533,resolvase
LD180402-0003,1570.72771503833,recombinase
LD180402-0003,0,clinicalInt1
LD180402-0003,69.2687955883323,class1Int
LD180402-0004,741.890605396486,integrase
LD180402-0004,2795.31915676841,transposase
LD180402-0004,315.487149016463,recombinase
LD180402-0004,89.3825813773472,resolvase
LD180402-0004,0,clinicalInt1
LD180402-0004,31.2459439281684,class1Int
LD180402-0005,89.1894615407503,resolvase
LD180402-0005,354.184265510887,recombinase
LD180402-0005,631.851255899373,integrase
LD180402-0005,0,clinicalInt1
LD180402-0005,3942.250925611,transposase
LD180402-0005,18.3670548321187,class1Int
LD180402-0006,92.2265826549948,resolvase
LD180402-0006,4788.51528717786,transposase
LD180402-0006,0,clinicalInt1
LD180402-0006,572.495493392808,integrase
LD180402-0006,351.398811864039,recombinase
LD180402-0006,12.6070458420719,class1Int
LD180402-0007,18.6766090280756,class1Int
LD180402-0007,604.447313726734,integrase
LD180402-0007,0,clinicalInt1
LD180402-0007,4220.98799749591,transposase
LD180402-0007,350.038990892106,recombinase
LD180402-0007,97.7721527659207,resolvase
LD180402-0008,17.0480174751536,class1Int
LD180402-0008,307.280113436652,recombinase
LD180402-0008,0,clinicalInt1
LD180402-0008,536.399517689593,integrase
LD180402-0008,3463.28031308053,transposase
LD180402-0008,81.3543090626638,resolvase
LD180402-0009,1102.92262086147,integrase
LD180402-0009,797.017232112168,recombinase
LD180402-0009,0,clinicalInt1
LD180402-0009,8.02145272481767,class1Int
LD180402-0009,7361.08325480363,transposase
LD180402-0009,109.054653956428,resolvase
LD180402-0010,800.433203759825,integrase
LD180402-0010,590.826671175748,recombinase
LD180402-0010,106.179661745818,resolvase
LD180402-0010,5617.07336194363,transposase
LD180402-0010,6.75016511998943,class1Int
LD180402-0010,0,clinicalInt1
LD180402-0011,1064.11702369798,integrase
LD180402-0011,110.941249416898,resolvase
LD180402-0011,7127.44720866235,transposase
LD180402-0011,643.665604435213,recombinase
LD180402-0011,0,clinicalInt1
LD180402-0011,19.4620530141085,class1Int
LD180402-0012,132.212761802993,resolvase
LD180402-0012,700.486384375705,recombinase
LD180402-0012,1150.8250563426,integrase
LD180402-0012,7443.09933707659,transposase
LD180402-0012,0,clinicalInt1
LD180402-0012,17.094877519042,class1Int
LD180402-0013,106.820871596112,resolvase
LD180402-0013,6697.60094269247,transposase
LD180402-0013,742.242641979693,recombinase
LD180402-0013,0,clinicalInt1
LD180402-0013,16.5858323448131,class1Int
LD180402-0013,1097.64011427088,integrase
LD180402-0014,5715.85052117019,transposase
LD180402-0014,1318.84020234288,integrase
LD180402-0014,44.8209737352562,class1Int
LD180402-0014,0,clinicalInt1
LD180402-0014,622.832130385841,recombinase
LD180402-0014,228.107517544622,resolvase
LN.T10,121.724687033229,class1Int
LN.T10,0.390909590416123,clinicalInt1
LN.T10,2161.57469052756,integrase
LN.T10,1213.99609287998,recombinase
LN.T10,402.505356846713,resolvase
LN.T10,3738.07635986797,transposase
LN.T6,1.25089745765432,clinicalInt1
LN.T6,128.839605742355,class1Int
LN.T6,1343.97104525385,recombinase
LN.T6,434.696703192019,resolvase
LN.T6,2448.12071952258,integrase
LN.T6,4123.13861856,transposase
LN.T8,35.077753964334,class1Int
LN.T8,587.71061650339,recombinase
LN.T8,0.0702189586104366,clinicalInt1
LN.T8,1118.92363316624,integrase
LN.T8,204.477008721782,resolvase
LN.T8,2050.30446585717,transposase
NM.T16,2471.33245459057,integrase
NM.T16,105.956553670201,class1Int
NM.T16,281.218518455486,resolvase
NM.T16,0,clinicalInt1
NM.T16,8123.09984417258,transposase
NM.T16,1396.63436064779,recombinase
NM.T18,2961.75346877235,integrase
NM.T18,1637.28769025832,recombinase
NM.T18,11055.3705437912,transposase
NM.T18,384.303098521826,resolvase
NM.T18,0,clinicalInt1
NM.T18,120.649920359552,class1Int
NM.T20,69.361779997843,resolvase
NM.T20,527.218462618022,integrase
NM.T20,4.13109419650101,class1Int
NM.T20,404.852444448975,recombinase
NM.T20,0,clinicalInt1
NM.T20,2700.13697210095,transposase
NM.T26,1149.46187660313,recombinase
NM.T26,526.170059020442,resolvase
NM.T26,8214.25983147757,transposase
NM.T26,2930.82964414447,integrase
NM.T26,144.88926196296,class1Int
NM.T26,0.00567409230956109,clinicalInt1
NM.T28,1075.94085784641,recombinase
NM.T28,727.55319951216,resolvase
NM.T28,9466.72583477663,transposase
NM.T28,4625.03060650911,integrase
NM.T28,0.043145712227199,clinicalInt1
NM.T28,151.666444602659,class1Int
NM.T30,1263.84967104581,transposase
NM.T30,88.3899913280944,resolvase
NM.T30,32.2160738885819,class1Int
NM.T30,707.696445492916,integrase
NM.T30,378.04993436354,recombinase
NM.T30,0.0338811360875396,clinicalInt1
NM.T35,0.0620240408116079,clinicalInt1
NM.T35,838.022658449086,resolvase
NM.T35,5371.03584827193,transposase
NM.T35,2952.2660290058,integrase
NM.T35,1732.18578353731,recombinase
NM.T35,227.691376554775,class1Int
NM.T38,5833.84517111101,transposase
NM.T38,863.706644457563,resolvase
NM.T38,3195.25853043655,integrase
NM.T38,0.12901664538912,clinicalInt1
NM.T38,1784.09875594402,recombinase
NM.T38,237.541250598675,class1Int
NM.T40,5572.58973881963,transposase
NM.T40,0.0874959071172065,clinicalInt1
NM.T40,838.521651220318,resolvase
NM.T40,1759.61482027847,recombinase
NM.T40,2995.22550565675,integrase
NM.T40,229.966266289818,class1Int
NM.T7,0.0428418342483938,clinicalInt1
NM.T7,4212.31123200608,transposase
NM.T7,245.260852554519,resolvase
NM.T7,1209.17774828566,recombinase
NM.T7,2329.67017358427,integrase
NM.T7,46.6018127975979,class1Int
NM.T8,0,clinicalInt1
NM.T8,4.38750351921988,class1Int
NM.T8,417.380232122199,transposase
NM.T8,28.4581749698327,resolvase
NM.T8,77.4597374544676,recombinase
NM.T8,176.375080708898,integrase
NM.T9,3527.91575786865,integrase
NM.T9,249.757216610586,resolvase
NM.T9,9430.39417956951,transposase
NM.T9,0.136210674739556,clinicalInt1
NM.T9,1668.21514053236,recombinase
NM.T9,114.908633548872,class1Int
pubAMD_S1_lane1,0,clinicalInt1
pubAMD_S1_lane1,4272.87035017486,transposase
pubAMD_S1_lane1,151.239308900445,resolvase
pubAMD_S1_lane1,857.533931723022,recombinase
pubAMD_S1_lane1,1412.34224407794,integrase
pubAMD_S1_lane1,64.1425204578791,class1Int
pubAMD_S10_FK.Sedi.C1.2,11.202249606017,class1Int
pubAMD_S10_FK.Sedi.C1.2,0,clinicalInt1
pubAMD_S10_FK.Sedi.C1.2,7282.00207840405,transposase
pubAMD_S10_FK.Sedi.C1.2,208.890716629822,resolvase
pubAMD_S10_FK.Sedi.C1.2,729.914599092586,recombinase
pubAMD_S10_FK.Sedi.C1.2,1300.41623624148,integrase
pubAMD_S11_FK.Sedi.C1.3,13781.545095504,transposase
pubAMD_S11_FK.Sedi.C1.3,203.224619270622,resolvase
pubAMD_S11_FK.Sedi.C1.3,820.225125401992,recombinase
pubAMD_S11_FK.Sedi.C1.3,2793.03718022866,integrase
pubAMD_S11_FK.Sedi.C1.3,72.2801099248794,class1Int
pubAMD_S11_FK.Sedi.C1.3,0,clinicalInt1
pubAMD_S12_FK.Sedi.C1.4,42.9279919945385,class1Int
pubAMD_S12_FK.Sedi.C1.4,8448.67231337817,transposase
pubAMD_S12_FK.Sedi.C1.4,213.877248005203,resolvase
pubAMD_S12_FK.Sedi.C1.4,679.646585880542,recombinase
pubAMD_S12_FK.Sedi.C1.4,1674.95764301679,integrase
pubAMD_S12_FK.Sedi.C1.4,0.0174887418350114,clinicalInt1
pubAMD_S13_FK.Sedi.C1.5,5271.17198635977,transposase
pubAMD_S13_FK.Sedi.C1.5,134.934701721015,resolvase
pubAMD_S13_FK.Sedi.C1.5,793.509814794637,recombinase
pubAMD_S13_FK.Sedi.C1.5,1307.03852221764,integrase
pubAMD_S13_FK.Sedi.C1.5,0,clinicalInt1
pubAMD_S13_FK.Sedi.C1.5,23.0159133463847,class1Int
pubAMD_S15_lane1,206.803560611729,resolvase
pubAMD_S15_lane1,5559.24832695469,transposase
pubAMD_S15_lane1,2115.81550494959,integrase
pubAMD_S15_lane1,1119.70341403435,recombinase
pubAMD_S15_lane1,0.013074931309486,clinicalInt1
pubAMD_S15_lane1,103.762109185766,class1Int
pubAMD_S16_lane1,201.347995107092,resolvase
pubAMD_S16_lane1,4242.01703426855,transposase
pubAMD_S16_lane1,947.572651412329,recombinase
pubAMD_S16_lane1,0,clinicalInt1
pubAMD_S16_lane1,68.0813201773921,class1Int
pubAMD_S16_lane1,1826.42708615087,integrase
pubAMD_S17_lane1,232.320625422086,resolvase
pubAMD_S17_lane1,3369.01957507127,transposase
pubAMD_S17_lane1,1650.66238339632,integrase
pubAMD_S17_lane1,73.4288426574603,class1Int
pubAMD_S17_lane1,0,clinicalInt1
pubAMD_S17_lane1,861.362661969712,recombinase
pubAMD_S18_lane1,4826.01252668018,transposase
pubAMD_S18_lane1,0,clinicalInt1
pubAMD_S18_lane1,44.205023393578,class1Int
pubAMD_S18_lane1,214.529718369647,resolvase
pubAMD_S18_lane1,1142.56135195645,recombinase
pubAMD_S18_lane1,1807.61236170046,integrase
pubAMD_S19_lane1,7.47984142799872,class1Int
pubAMD_S19_lane1,0,clinicalInt1
pubAMD_S19_lane1,303.805927520768,resolvase
pubAMD_S19_lane1,2180.84414224738,recombinase
pubAMD_S19_lane1,2306.6120669653,integrase
pubAMD_S19_lane1,842.313754185702,transposase
pubAMD_S2_lane1,3730.78840453952,transposase
pubAMD_S2_lane1,210.627170891737,resolvase
pubAMD_S2_lane1,966.261961556228,recombinase
pubAMD_S2_lane1,1747.02675602605,integrase
pubAMD_S2_lane1,87.8405868813787,class1Int
pubAMD_S2_lane1,0,clinicalInt1
pubAMD_S20_FK.HZS.lane1,136.632307390526,class1Int
pubAMD_S20_FK.HZS.lane1,4830.60605161938,transposase
pubAMD_S20_FK.HZS.lane1,1248.58567561741,recombinase
pubAMD_S20_FK.HZS.lane1,336.435494968395,resolvase
pubAMD_S20_FK.HZS.lane1,2039.37533135126,integrase
pubAMD_S20_FK.HZS.lane1,0,clinicalInt1
pubAMD_S20_FK.HZS.lane2,7479.24404697691,transposase
pubAMD_S20_FK.HZS.lane2,563.145104362827,resolvase
pubAMD_S20_FK.HZS.lane2,2233.58742993919,recombinase
pubAMD_S20_FK.HZS.lane2,3805.65900240675,integrase
pubAMD_S20_FK.HZS.lane2,223.033399113561,class1Int
pubAMD_S20_FK.HZS.lane2,0,clinicalInt1
pubAMD_S21_lane1,11297.1407212206,transposase
pubAMD_S21_lane1,39.8455425832756,resolvase
pubAMD_S21_lane1,499.866646904394,recombinase
pubAMD_S21_lane1,2376.95057629907,integrase
pubAMD_S21_lane1,54.7319499661711,class1Int
pubAMD_S21_lane1,0,clinicalInt1
pubAMD_S22_lane1,9603.87212213212,transposase
pubAMD_S22_lane1,226.868117898467,resolvase
pubAMD_S22_lane1,502.004852997052,recombinase
pubAMD_S22_lane1,0,clinicalInt1
pubAMD_S22_lane1,1048.33230002866,integrase
pubAMD_S22_lane1,14.8288907292594,class1Int
pubAMD_S23_lane1,9934.78008928131,transposase
pubAMD_S23_lane1,484.755115238008,recombinase
pubAMD_S23_lane1,248.127260169754,resolvase
pubAMD_S23_lane1,1036.58292457007,integrase
pubAMD_S23_lane1,13.6769914494351,class1Int
pubAMD_S23_lane1,0,clinicalInt1
pubAMD_S24_lane1,10089.6667553299,transposase
pubAMD_S24_lane1,277.792475870242,resolvase
pubAMD_S24_lane1,17.8878783208546,class1Int
pubAMD_S24_lane1,0,clinicalInt1
pubAMD_S24_lane1,1118.5945545048,integrase
pubAMD_S24_lane1,494.437603758377,recombinase
pubAMD_S25_lane1,9629.98916823317,transposase
pubAMD_S25_lane1,20.1424669955424,class1Int
pubAMD_S25_lane1,0,clinicalInt1
pubAMD_S25_lane1,183.277244666666,resolvase
pubAMD_S25_lane1,464.449852478906,recombinase
pubAMD_S25_lane1,1132.85028971209,integrase
pubAMD_S26_lane1,11558.3189882825,transposase
pubAMD_S26_lane1,74.5276698843094,resolvase
pubAMD_S26_lane1,448.539588755875,recombinase
pubAMD_S26_lane1,2249.96938748868,integrase
pubAMD_S26_lane1,55.6277133877461,class1Int
pubAMD_S26_lane1,0,clinicalInt1
pubAMD_S27_lane1,0,clinicalInt1
pubAMD_S27_lane1,64.1079440864583,class1Int
pubAMD_S27_lane1,13283.2060104238,transposase
pubAMD_S27_lane1,67.5257688698236,resolvase
pubAMD_S27_lane1,533.983943931878,recombinase
pubAMD_S27_lane1,2471.96417174426,integrase
pubAMD_S28_lane1,57.5930543140613,class1Int
pubAMD_S28_lane1,2160.27147049407,integrase
pubAMD_S28_lane1,11528.5166428513,transposase
pubAMD_S28_lane1,123.624412297022,resolvase
pubAMD_S28_lane1,464.642371631545,recombinase
pubAMD_S28_lane1,0,clinicalInt1
pubAMD_S29_lane1,24.9191832878153,resolvase
pubAMD_S29_lane1,587.770632762702,recombinase
pubAMD_S29_lane1,2373.60138627519,integrase
pubAMD_S29_lane1,68.8740234650474,class1Int
pubAMD_S29_lane1,0,clinicalInt1
pubAMD_S29_lane1,11599.6616917609,transposase
pubAMD_S3_lane1,101.067185046531,class1Int
pubAMD_S3_lane1,849.894768843104,recombinase
pubAMD_S3_lane1,2359.87355360074,integrase
pubAMD_S3_lane1,7950.1345746481,transposase
pubAMD_S3_lane1,82.8658114282229,resolvase
pubAMD_S3_lane1,0,clinicalInt1
pubAMD_S30_lane1,132.462338806074,resolvase
pubAMD_S30_lane1,472.884097292061,recombinase
pubAMD_S30_lane1,1054.11142855507,integrase
pubAMD_S30_lane1,21.6729586193954,class1Int
pubAMD_S30_lane1,8228.40015949895,transposase
pubAMD_S30_lane1,0,clinicalInt1
pubAMD_S31_lane1,11733.8266227229,transposase
pubAMD_S31_lane1,459.599221192712,recombinase
pubAMD_S31_lane1,37.8957070825084,resolvase
pubAMD_S31_lane1,2021.63129982324,integrase
pubAMD_S31_lane1,0,clinicalInt1
pubAMD_S31_lane1,65.2018072344492,class1Int
pubAMD_S32_lane1,1.86179359013173,resolvase
pubAMD_S32_lane1,10288.1861676669,transposase
pubAMD_S32_lane1,79.6311778911262,class1Int
pubAMD_S32_lane1,0,clinicalInt1
pubAMD_S32_lane1,664.783014129702,recombinase
pubAMD_S32_lane1,2850.15460119256,integrase
pubAMD_S33_lane1,10328.4721099505,transposase
pubAMD_S33_lane1,2503.21584307344,integrase
pubAMD_S33_lane1,69.9243319057302,class1Int
pubAMD_S33_lane1,0,clinicalInt1
pubAMD_S33_lane1,435.75794938783,recombinase
pubAMD_S33_lane1,18.3177357773089,resolvase
pubAMD_S34_lane1,11020.6533247137,transposase
pubAMD_S34_lane1,74.660893943617,class1Int
pubAMD_S34_lane1,0,clinicalInt1
pubAMD_S34_lane1,491.080552142033,recombinase
pubAMD_S34_lane1,2275.72792938995,integrase
pubAMD_S34_lane1,15.7870369722326,resolvase
pubAMD_S35_lane1,37.8875440586139,class1Int
pubAMD_S35_lane1,0,clinicalInt1
pubAMD_S35_lane1,551.116417883997,recombinase
pubAMD_S35_lane1,1564.486461873,integrase
pubAMD_S35_lane1,93.8361233962857,resolvase
pubAMD_S35_lane1,9688.23782202044,transposase
pubAMD_S36_lane1,118.588969463727,resolvase
pubAMD_S36_lane1,1657.95309143914,integrase
pubAMD_S36_lane1,495.705640612285,recombinase
pubAMD_S36_lane1,0,clinicalInt1
pubAMD_S36_lane1,36.6988954697858,class1Int
pubAMD_S36_lane1,10635.3341805275,transposase
pubAMD_S37_lane1,70.2821355251474,class1Int
pubAMD_S37_lane1,463.989769314168,recombinase
pubAMD_S37_lane1,15.0069856982444,resolvase
pubAMD_S37_lane1,2733.63790392304,integrase
pubAMD_S37_lane1,12685.7322603656,transposase
pubAMD_S37_lane1,0,clinicalInt1
pubAMD_S38_lane1,6996.43443123225,transposase
pubAMD_S38_lane1,432.487398299374,resolvase
pubAMD_S38_lane1,1232.45293668052,recombinase
pubAMD_S38_lane1,2556.84591047896,integrase
pubAMD_S38_lane1,95.6915143941398,class1Int
pubAMD_S38_lane1,0,clinicalInt1
pubAMD_S39_lane1,4516.07244718376,transposase
pubAMD_S39_lane1,138.796322120784,resolvase
pubAMD_S39_lane1,945.071087353896,recombinase
pubAMD_S39_lane1,1121.39958598783,integrase
pubAMD_S39_lane1,31.3546867814107,class1Int
pubAMD_S39_lane1,0,clinicalInt1
pubAMD_S4_lane1,120.990092123244,resolvase
pubAMD_S4_lane1,2642.9945563817,transposase
pubAMD_S4_lane1,683.148060224355,recombinase
pubAMD_S4_lane1,69.0825937274275,class1Int
pubAMD_S4_lane1,0,clinicalInt1
pubAMD_S4_lane1,1258.67557965601,integrase
pubAMD_S40_lane1,119.471493132339,resolvase
pubAMD_S40_lane1,4127.54814384694,transposase
pubAMD_S40_lane1,1071.2921513925,integrase
pubAMD_S40_lane1,30.9367638230866,class1Int
pubAMD_S40_lane1,0,clinicalInt1
pubAMD_S40_lane1,922.610741690033,recombinase
pubAMD_S41_lane1,7187.94867863939,transposase
pubAMD_S41_lane1,0,clinicalInt1
pubAMD_S41_lane1,92.4243669260848,class1Int
pubAMD_S41_lane1,3001.52530187502,integrase
pubAMD_S41_lane1,490.096476834066,resolvase
pubAMD_S41_lane1,1300.59509056689,recombinase
pubAMD_S42_lane1,83.626213216358,class1Int
pubAMD_S42_lane1,0,clinicalInt1
pubAMD_S42_lane1,1073.76339518639,recombinase
pubAMD_S42_lane1,1767.20248814152,integrase
pubAMD_S42_lane1,247.186359969256,resolvase
pubAMD_S42_lane1,3945.47912333375,transposase
pubAMD_S43_lane1,641.338934297321,recombinase
pubAMD_S43_lane1,1039.52537761643,integrase
pubAMD_S43_lane1,49.6235552815572,class1Int
pubAMD_S43_lane1,0.186508521866967,clinicalInt1
pubAMD_S43_lane1,4197.9869405335,transposase
pubAMD_S43_lane1,182.915402331912,resolvase
pubAMD_S44_lane1,0,clinicalInt1
pubAMD_S44_lane1,11.9016805686197,class1Int
pubAMD_S44_lane1,305.248551010707,recombinase
pubAMD_S44_lane1,476.173242524251,integrase
pubAMD_S44_lane1,2215.40634137042,transposase
pubAMD_S44_lane1,48.6847180755474,resolvase
pubAMD_S45_lane1,260.670818605952,resolvase
pubAMD_S45_lane1,1129.52599072009,recombinase
pubAMD_S45_lane1,1764.09481139129,integrase
pubAMD_S45_lane1,75.7660787001724,class1Int
pubAMD_S45_lane1,3522.36187770383,transposase
pubAMD_S45_lane1,0,clinicalInt1
pubAMD_S46_lane1,1711.81873025715,transposase
pubAMD_S46_lane1,296.220107862369,recombinase
pubAMD_S46_lane1,56.9686817265423,resolvase
pubAMD_S46_lane1,9.72203067580682,class1Int
pubAMD_S46_lane1,423.34840657763,integrase
pubAMD_S46_lane1,0,clinicalInt1
pubAMD_S49_lane1,3632.36654061386,transposase
pubAMD_S49_lane1,324.663329664839,resolvase
pubAMD_S49_lane1,771.147526449781,recombinase
pubAMD_S49_lane1,60.7922625811722,class1Int
pubAMD_S49_lane1,0.0339352988347204,clinicalInt1
pubAMD_S49_lane1,1315.14254580751,integrase
pubAMD_S5_lane1,4764.82705199106,transposase
pubAMD_S5_lane1,192.073495806936,resolvase
pubAMD_S5_lane1,747.242989820009,recombinase
pubAMD_S5_lane1,1313.39817034517,integrase
pubAMD_S5_lane1,81.3087301087863,class1Int
pubAMD_S5_lane1,0,clinicalInt1
pubAMD_S50_lane1,527.333519607302,resolvase
pubAMD_S50_lane1,4560.75304954211,transposase
pubAMD_S50_lane1,78.2754158273583,class1Int
pubAMD_S50_lane1,0.0433855555168893,clinicalInt1
pubAMD_S50_lane1,879.429281070826,recombinase
pubAMD_S50_lane1,1447.62206707427,integrase
pubAMD_S51_lane1,3522.36961218585,transposase
pubAMD_S51_lane1,474.568890896309,resolvase
pubAMD_S51_lane1,56.1079068985746,class1Int
pubAMD_S51_lane1,0.0100408163066333,clinicalInt1
pubAMD_S51_lane1,1280.5237699558,integrase
pubAMD_S51_lane1,812.473442489347,recombinase
pubAMD_S52_lane1,8107.39550137227,transposase
pubAMD_S52_lane1,1651.87590099932,integrase
pubAMD_S52_lane1,59.6590438681477,class1Int
pubAMD_S52_lane1,0,clinicalInt1
pubAMD_S52_lane1,654.843162687336,resolvase
pubAMD_S52_lane1,1035.87843060905,recombinase
pubAMD_S53_lane1,1586.89888126459,integrase
pubAMD_S53_lane1,74.2357503584668,class1Int
pubAMD_S53_lane1,0,clinicalInt1
pubAMD_S53_lane1,471.575603476911,resolvase
pubAMD_S53_lane1,5026.88338790624,transposase
pubAMD_S53_lane1,987.590174936534,recombinase
pubAMD_S58_lane1,95.9997034466619,class1Int
pubAMD_S58_lane1,0,clinicalInt1
pubAMD_S58_lane1,3059.88246861511,transposase
pubAMD_S58_lane1,214.044178267305,resolvase
pubAMD_S58_lane1,627.146736563948,recombinase
pubAMD_S58_lane1,1483.05801467394,integrase
pubAMD_S59_lane1,3166.98758002276,transposase
pubAMD_S59_lane1,1611.63750728816,integrase
pubAMD_S59_lane1,132.575292830124,class1Int
pubAMD_S59_lane1,0,clinicalInt1
pubAMD_S59_lane1,263.49669499681,resolvase
pubAMD_S59_lane1,783.087688327999,recombinase
pubAMD_S6_lane1,5897.53367106646,transposase
pubAMD_S6_lane1,358.137090218566,resolvase
pubAMD_S6_lane1,1122.24001666208,recombinase
pubAMD_S6_lane1,2025.91543531245,integrase
pubAMD_S6_lane1,85.8123071604106,class1Int
pubAMD_S6_lane1,0.637088680778516,clinicalInt1
pubAMD_S7_lane1,5818.01211591179,transposase
pubAMD_S7_lane1,320.462725181895,resolvase
pubAMD_S7_lane1,1218.58038168638,recombinase
pubAMD_S7_lane1,2430.38482521677,integrase
pubAMD_S7_lane1,114.453322772367,class1Int
pubAMD_S7_lane1,0.0141573126673498,clinicalInt1
pubAMD_S8_lane1,11052.3828752035,transposase
pubAMD_S8_lane1,383.136761664534,resolvase
pubAMD_S8_lane1,1442.74598702264,recombinase
pubAMD_S8_lane1,3318.93209684695,integrase
pubAMD_S8_lane1,127.844295701955,class1Int
pubAMD_S8_lane1,0,clinicalInt1
pubAMD_S9_lane1,11098.3823317617,transposase
pubAMD_S9_lane1,494.877250427778,resolvase
pubAMD_S9_lane1,1759.81355476273,recombinase
pubAMD_S9_lane1,4231.05279750306,integrase
pubAMD_S9_lane1,137.024409283756,class1Int
pubAMD_S9_lane1,0,clinicalInt1
QH.T10,133.741560249741,class1Int
QH.T10,0.161663428265556,clinicalInt1
QH.T10,1160.39755436618,recombinase
QH.T10,2509.918356203,transposase
QH.T10,340.520067386573,resolvase
QH.T10,1749.27304011442,integrase
QH.T12,69.9856845328406,transposase
QH.T12,0.673903270253748,class1Int
QH.T12,0,clinicalInt1
QH.T12,14.9580982133869,recombinase
QH.T12,22.3574015632247,integrase
QH.T12,7.46616375097152,resolvase
QH.T14,2252.91856390864,integrase
QH.T14,691.265281010373,recombinase
QH.T14,74.8639249160356,class1Int
QH.T14,0,clinicalInt1
QH.T14,296.897638091267,resolvase
QH.T14,3799.81134738163,transposase
QH.T17,4185.91308163647,integrase
QH.T17,512.851007619633,resolvase
QH.T17,89.4260177457913,class1Int
QH.T17,1119.85260666856,recombinase
QH.T17,0.0116740116079039,clinicalInt1
QH.T17,8517.30398456089,transposase
QH.T7,839.061818338148,recombinase
QH.T7,236.736029168966,resolvase
QH.T7,1286.54695244525,integrase
QH.T7,94.4076907982322,class1Int
QH.T7,2277.02016459722,transposase
QH.T7,0.237061127790615,clinicalInt1
QH.T9,401.17942997587,resolvase
QH.T9,2944.72597182678,transposase
QH.T9,1320.1107537896,recombinase
QH.T9,2042.61607335839,integrase
QH.T9,0.134674021776742,clinicalInt1
QH.T9,136.54036367265,class1Int
SC.T10,1668.08176095683,recombinase
SC.T10,6203.00357822131,transposase
SC.T10,533.643500650184,resolvase
SC.T10,98.3813354778577,class1Int
SC.T10,3220.58679509283,integrase
SC.T10,0,clinicalInt1
SC.T5,1568.94827330498,recombinase
SC.T5,7630.92593671086,transposase
SC.T5,961.361101323407,resolvase
SC.T5,0.00997813174616296,clinicalInt1
SC.T5,29.269976327324,class1Int
SC.T5,2700.34016612527,integrase
SC.T7,50.7083544513456,class1Int
SC.T7,3520.42188953742,integrase
SC.T7,0.035741770700288,clinicalInt1
SC.T7,8165.19672599471,transposase
SC.T7,1584.99108471895,recombinase
SC.T7,620.885579330078,resolvase
XJ.T10,2528.89240843348,transposase
XJ.T10,209.996208138235,resolvase
XJ.T10,669.749822436927,recombinase
XJ.T10,0.515859312521946,clinicalInt1
XJ.T10,1054.15827781913,integrase
XJ.T10,78.9839038316227,class1Int
XJ.T15,0.00921201547733585,clinicalInt1
XJ.T15,2188.02767146234,integrase
XJ.T15,84.6929353775486,class1Int
XJ.T15,597.419712993769,resolvase
XJ.T15,7772.00913680348,transposase
XJ.T15,1276.36010014,recombinase
XJ.T17,1635.24212169885,integrase
XJ.T17,497.112121801015,resolvase
XJ.T17,994.960749378743,recombinase
XJ.T17,113.88470790018,class1Int
XJ.T17,0.0498636263288755,clinicalInt1
XJ.T17,7226.27163431861,transposase
XJ.T19,0.0453332088308762,clinicalInt1
XJ.T19,1584.43887104604,integrase
XJ.T19,554.033113587805,resolvase
XJ.T19,951.779694733333,recombinase
XJ.T19,7253.22574955222,transposase
XJ.T19,71.1016246029546,class1Int
XJ.T27,240.047877500024,recombinase
XJ.T27,340.305500914404,integrase
XJ.T27,36.1763926792121,class1Int
XJ.T27,51.8259008082111,resolvase
XJ.T27,0.0146876618020019,clinicalInt1
XJ.T27,955.038108090451,transposase
XJ.T28,269.606240132442,recombinase
XJ.T28,370.80047396188,integrase
XJ.T28,39.8135241787083,class1Int
XJ.T28,0.00321850949727545,clinicalInt1
XJ.T28,52.3980179863817,resolvase
XJ.T28,888.77503511035,transposase
XJ.T29,347.47298672143,integrase
XJ.T29,52.9332788274786,resolvase
XJ.T29,239.332765898832,recombinase
XJ.T29,1046.27561680435,transposase
XJ.T29,36.6438202920448,class1Int
XJ.T29,0.0030110210508871,clinicalInt1
XJ.T35,495.246231290225,integrase
XJ.T35,97.5922116601085,resolvase
XJ.T35,366.654806948692,recombinase
XJ.T35,58.1851274269389,class1Int
XJ.T35,1323.97441135047,transposase
XJ.T35,0.0431707500212942,clinicalInt1
XJ.T37,98.8064431008869,resolvase
XJ.T37,410.113007791317,recombinase
XJ.T37,921.997963075969,transposase
XJ.T37,529.045005436524,integrase
XJ.T37,50.0171776591192,class1Int
XJ.T37,0.0630679899293385,clinicalInt1
XJ.T39,1223.16418033492,transposase
XJ.T39,82.6777912489502,resolvase
XJ.T39,408.736112745274,integrase
XJ.T39,46.314974747571,class1Int
XJ.T39,0.0372205170914992,clinicalInt1
XJ.T39,305.769502486231,recombinase
XJ.T5,1594.48207500509,transposase
XJ.T5,847.119792942583,integrase
XJ.T5,218.940761984255,resolvase
XJ.T5,65.5461092758928,class1Int
XJ.T5,0,clinicalInt1
XJ.T5,528.967741778165,recombinase
XJ.T6,0,clinicalInt1
XJ.T6,791.974900972351,transposase
XJ.T6,412.557997858556,integrase
XJ.T6,204.872279229324,recombinase
XJ.T6,14.0594196187164,class1Int
XJ.T6,63.029208215942,resolvase
YN.T10,3744.19094738165,integrase
YN.T10,1721.46401672812,recombinase
YN.T10,170.987918773865,class1Int
YN.T10,12999.2132141323,transposase
YN.T10,621.478678954315,resolvase
YN.T10,0.120732854679199,clinicalInt1
YN.T15,4454.30357408973,recombinase
YN.T15,17087.1516948703,transposase
YN.T15,1631.63927516418,resolvase
YN.T15,5760.17982320345,integrase
YN.T15,354.94020671059,class1Int
YN.T15,0.35999421965375,clinicalInt1
YN.T17,2217.44289608743,resolvase
YN.T17,7972.14882116718,transposase
YN.T17,2152.35027570536,recombinase
YN.T17,72.1273844769147,class1Int
YN.T17,2797.65408328789,integrase
YN.T17,0.0189483975727697,clinicalInt1
YN.T20,18379.2032523125,transposase
YN.T20,7931.92728584039,resolvase
YN.T20,3788.11004123311,recombinase
YN.T20,4233.97880078526,integrase
YN.T20,38.3579190218263,class1Int
YN.T20,0,clinicalInt1
YN.T25,4124.23026879359,transposase
YN.T25,1658.37801258204,integrase
YN.T25,206.736772442922,class1Int
YN.T25,0.00679425166334258,clinicalInt1
YN.T25,287.758596587426,resolvase
YN.T25,1027.33001038946,recombinase
YN.T27,0.0193968629713076,clinicalInt1
YN.T27,7316.09542425519,transposase
YN.T27,494.472583017286,resolvase
YN.T27,1412.46608145505,recombinase
YN.T27,2512.47841453059,integrase
YN.T27,87.0690733093779,class1Int
YN.T30,118.21222803517,class1Int
YN.T30,2063.08094612314,integrase
YN.T30,4209.74171874804,transposase
YN.T30,0.0173838103587392,clinicalInt1
YN.T30,1250.05168954134,recombinase
YN.T30,330.30692231973,resolvase
YN.T35,166.886385560866,class1Int
YN.T35,0.0227480485903356,clinicalInt1
YN.T35,5968.78550803745,transposase
YN.T35,761.396719144706,resolvase
YN.T35,1880.38411042795,recombinase
YN.T35,3389.62004541267,integrase
YN.T37,3061.75299696607,integrase
YN.T37,183.500234128901,class1Int
YN.T37,5988.96050546039,transposase
YN.T37,656.694020438487,resolvase
YN.T37,1715.88567398581,recombinase
YN.T37,0.138695266075585,clinicalInt1
YN.T39,4966.75096698744,transposase
YN.T39,641.521755530702,resolvase
YN.T39,1740.91204872022,recombinase
YN.T39,3014.6329715751,integrase
YN.T39,164.020057064244,class1Int
YN.T39,0.0548914139745874,clinicalInt1
YN.T5,1280.7238074616,recombinase
YN.T5,472.599895535671,resolvase
YN.T5,8079.55167255397,transposase
YN.T5,2470.30863935093,integrase
YN.T5,0.168145401961523,clinicalInt1
YN.T5,173.177906955836,class1Int
YN.T7,472.126286953309,resolvase
YN.T7,8786.10549325902,transposase
YN.T7,1400.02952813232,recombinase
YN.T7,2985.27289948245,integrase
YN.T7,96.586403933839,class1Int
YN.T7,0.0566571170120487,clinicalInt1
YQ.T10,2743.6602994517,transposase
YQ.T10,1148.46148919029,integrase
YQ.T10,42.3858839938152,class1Int
YQ.T10,0.156505956352153,clinicalInt1
YQ.T10,220.066897899741,resolvase
YQ.T10,742.153904078184,recombinase
YQ.T8,0.00382749773683123,clinicalInt1
YQ.T8,4235.60971020526,transposase
YQ.T8,240.809013892516,resolvase
YQ.T8,907.530920795924,recombinase
YQ.T8,1854.06376847247,integrase
YQ.T8,57.1345490020198,class1Int
YQ.T9,0.537600021356475,clinicalInt1
YQ.T9,139.936533880371,class1Int
YQ.T9,3725.15029249537,transposase
YQ.T9,1220.41405897883,recombinase
YQ.T9,2100.54832449055,integrase
YQ.T9,335.877934434778,resolvase
ZJ.T7,0,clinicalInt1
ZJ.T7,3320.88688366096,transposase
ZJ.T7,410.447402157903,resolvase
ZJ.T7,1404.22501873945,recombinase
ZJ.T7,2426.69819994908,integrase
ZJ.T7,204.42020185083,class1Int
