,longitude,latitude,position5,NS,EMW,lon_cat,lat_cat,MAT,MAP,TP,pH,EC,TN,TC,avail_K,K,DTPA_Cd,Cd,DTPA_Cu,Cu,DTPA_Pb,Pb,DTPA_Zn,Zn,Nemerow,Nemerow_cat,PLI,PLI_cat,EcoRI,EcoRI_cat,TImetal,TImetal_cat,TImetal_avail,TImetal_avail_cat1,multiMetalIndex_total,multiMetalIndex_avail
AH.T5,117.977325,30.9286583333333,SE,S,E,110-120,27-34,16.3,1273,0.00864062236347325,7.15,6.07,1.24183934147034,45.42,29.7067,2.52981636817048,1.1904,3.61538653366584,24.0268,449.058603491272,4.0852,229.892768079801,9.7144,684.763092269327,13.8533890931269,heavy pollution,5.7125240626549,Veryheavy pollution,646.14866405415,Veryheavy pollution,19.1774747174897,l1,18358.3317364484,l2,-0.50751604566976,-0.643874819869422
AH.T7,117.977325,30.9286583333333,SE,S,E,110-120,27-34,16.3,1273,0.0061223053663303,7.02,9.35,1.96684461927508,41.79,63.5357,2.40220312016617,0.4568,1.22554691298007,24.0402,545.752309188138,0.7948,137.936315021877,5.904,505.833738454059,11.9292494753218,heavy pollution,3.73422234413175,Veryheavy pollution,286.560177790124,medium pollution,20.2166533203807,l2,17034.4907997997,l2,-0.560414995837095,-0.757989594013022
AH.T9,117.977325,30.9286583333333,SE,S,E,110-120,27-34,16.3,1273,0.00629816705813274,7.32,4.32,0.830840810900632,58.88,44.0977,2.37252878126241,0.269,0.982751091703057,12.7596,361.650897622513,1.2276,111.055312954876,5.1074,375.351770984959,8.01086172278432,heavy pollution,2.80301171290402,heavy pollution,218.695640119221,medium pollution,13.77806092373,l1,11991.9560637401,l2,-0.697614334958099,-0.870969345984456
FJ.T10,116.389761666666,25.2026433333333,SE,S,E,110-120,23-27,19.7,1682,0.241078207685158,3.26,1.43,0.292031706299541,1.112,3.438,1.50141020595566,0.1708,0.465007215007215,357.6348,790.193602693603,0.3723,114.158249158249,19.2143,15.3198653198653,16.4920478163377,heavy pollution,1.27919293299926,medium pollution,199.097402597403,medium pollution,22.890432383166,l2,18741.78063304,l2,-0.501285853630473,1.92345266015
FJ.T5,116.389761666666,25.2026433333333,SE,S,E,110-120,23-27,19.7,1682,0.222954155185418,3.91,0.95,0.493931696302568,0.2553,1.947,1.89787021851868,0.0434,1.17832764505119,187.686,542.205021940517,3.1495,122.908337396392,4.9827,16.8454412481716,11.5926278854761,heavy pollution,1.53221787321005,medium pollution,271.933795361148,medium pollution,15.8396564025761,l1,14013.8857168519,l2,-0.625540949674737,0.529657551247679
FJ.T7,116.389761666666,25.2026433333333,SE,S,E,110-120,23-27,19.7,1682,0.200383415229768,3.15,2.04,0.44012854547995,0.2409,2.258,1.41353889774942,0.1006,0.860989278752437,232.9966,389.601608187135,0.0705,89.9537037037037,9.8031,17.3976608187135,8.33827775430228,heavy pollution,1.21612800061489,medium pollution,197.830270119744,medium pollution,11.4302908775199,l1,10138.5913156429,l2,-0.73497925313825,0.891716367863824
FX.T6,106.602385,33.8931166666666,NW,N,W,100-110,27-34,10.1,758,0.0287128711579079,8.35,0.85,0.199857244825125,62.78,10.4265,0.193339178131463,0.5996,6.06664193867458,6.216,36.4305143422354,268.8802,1340.07665677547,93.4564,1933.13550939664,23.4342541056668,heavy pollution,6.98873529032723,Veryheavy pollution,1125.9715274834,Veryheavy pollution,19.9734852614228,l1,44448.2572808133,l5,0.0532170863949996,0.786929779825216
FX.T7,106.602385,33.8931166666666,NW,N,W,100-110,27-34,10.1,758,0.0161822694370886,8.37,0.9,0.0997861724875268,66.71,19.0115,0.119072347195828,0.886,7.61631016042781,14.5522,48.8879436071949,222.8962,1117.29946524064,145.3978,2047.73942634905,28.3614293060258,heavy pollution,7.71871237836925,Veryheavy pollution,1329.52211959164,Veryheavy pollution,21.0015033381312,l2,39742.2236467445,l4,-0.0275042067738042,0.684385463904894
FX.T8,106.602385,33.8931166666666,NW,N,W,100-110,27-34,10.1,758,0.00260394166983176,8.43,0.76,0.0996866989461693,64.46,15.1435,0.170160686770856,0.691,6.86041162227603,9.4832,53.8075060532688,194.7222,1042.48668280872,130.5338,2038.91041162228,25.7295397753663,heavy pollution,7.56158108748042,Veryheavy pollution,1206.06430300934,Veryheavy pollution,20.942145820076,l2,37918.4275610333,l4,-0.0789491348836871,0.436717700421309
GD.T10,111.644505,22.1387283333333,SM,S,M,110-120,<23,22.8,1917,0.340480462884975,6.94,0.03,0.788177339901478,0.5034,32.9967,1.45748716550815,0.0228,0.63015992003998,114.1232,2543.43453273363,10.1427,318.908045977011,3.0924,718.890554722639,53.0732305409739,heavy pollution,6.25528480899491,Veryheavy pollution,510.618976226173,heavy pollution,79.416904839876,l4,62629.5274449241,l7,0.68434049671128,-0.0303911629317316
GD.T16,113.661288333333,25.0443716666666,SM,S,M,110-120,23-27,20.3,1504,0.315120665030944,1.74,13.09,1.64459632635626,19.7,33.8757,5.25194068024769,1.4314,2.79701382033564,22.9774,73.1552319842053,7.4963,4743.23050345508,969.8186,1475.41954590326,62.3722220907022,heavy pollution,8.78880100441298,Veryheavy pollution,1122.36137357213,Veryheavy pollution,22.2258560085747,l2,127829.211927276,l10,1.86967247166905,0.56407204503966
GD.T18,113.661288333333,25.0443716666666,SM,S,M,110-120,23-27,20.3,1504,0.219174570622917,2.01,12.27,0.99672504627652,2.778,15.2657,8.82056681927186,2.715,4.39652278177458,38.816,52.8597122302158,10.7263,3465.74820143885,1023.6078,1842.39808153477,46.560483811381,heavy pollution,8.86749270755392,Veryheavy pollution,1180.56067146283,Veryheavy pollution,22.895545354467,l2,97429.1350228088,l10,1.211382474344,0.93477673269064
GD.T26,113.72234,24.5735883333333,SM,S,M,110-120,23-27,17.9,1768,0.592247409089244,6.33,3.49,0.440559440559441,2.53,368.558,9.97615247832852,0.443,4.43361858190709,76.315,653.918092909535,7.1441,200.628361858191,35.8996,992.347188264059,17.2165390921633,heavy pollution,7.00295930842045,Veryheavy pollution,797.044324135522,Veryheavy pollution,27.6694547081612,l2,23348.6195470338,l3,-0.361495103515749,-0.26260252117616
GD.T28,113.72234,24.5735883333333,SM,S,M,110-120,23-27,17.9,1768,0.556725381770242,6.32,5.97,0.688879516378462,1.732,519.496,5.9061486789073,0.9122,3.3826354679803,48.026,833.922413793103,10.7967,150.165024630542,45.4668,397.241379310345,18.4781331372406,heavy pollution,5.1457445061465,Veryheavy pollution,651.951653764954,Veryheavy pollution,27.5485268368591,l2,22547.4796751732,l3,-0.369666783319215,-0.401055266190747
GD.T30,113.72234,24.5735883333333,SM,S,M,110-120,23-27,17.9,1768,0.483758743179405,6.66,3.11,0.64256460951843,2.78,252.026,6.89960607519587,0.3124,3.95606644198363,51.6428,731.277082330284,14.2077,149.80019258546,16.7244,567.693789118921,16.7337143160597,heavy pollution,5.65835515664203,Veryheavy pollution,724.955086319554,Veryheavy pollution,26.1038098455946,l2,21386.6661266792,l3,-0.400300904847073,-0.460660327378415
GD.T6,111.644505,22.1387283333333,SM,S,M,110-120,<23,22.8,1917,0.15682791958106,6.83,0.06,0.797266514806378,0.6728,30.2587,1.08551381504402,0.0634,0.450551294343241,316.341,2079.51222435283,7.1743,199.729146692234,5.3918,566.586768935762,43.3161555211205,heavy pollution,4.58459090170141,Veryheavy pollution,398.854471990138,heavy pollution,64.6528156230827,l4,49568.7270038711,l5,0.336057166333554,1.5985535064142
GD.T8,111.644505,22.1387283333333,SM,S,M,110-120,<23,22.8,1917,0.171476178269308,6.56,0.1,1.09639755090417,0.432,59.6177,1.15522483845269,0.0254,0.390579357351509,77.1486,1654.89897760467,2.2439,169.978091528724,2.9692,528.456669912366,34.515999594155,heavy pollution,3.94382800182353,Veryheavy pollution,324.568194463764,heavy pollution,52.1431456871109,l3,40131.5725871397,l5,0.0742738374543955,-0.375930125072972
GS.T16,102.273055,38.4783233333333,NW,N,W,100-110,36-39,7.6,146,0.151031849596443,7.58,5.96,0.697767145135566,4.102,357.211,2.628786370424,0.0592,0.879417620706819,253.0184,2409.5881035341,1.1622,16.2692882030861,1.039,32.0806371329019,49.8811325726639,heavy pollution,1.46515835961033,medium pollution,478.784505439807,heavy pollution,69.1590606516275,l4,48773.6212887869,l5,0.367963300427529,1.04456673123047
GS.T17,102.273055,38.4783233333333,NW,N,W,100-110,36-39,7.6,146,0.141976528306437,7.66,3.68,1.11133161341536,5.139,306.982,2.16164365075795,0.0342,0.67627412172192,200.8506,2401.07001484414,0.498,17.2117763483424,0.935,29.0697674418605,49.6619177558995,heavy pollution,1.35642535983884,medium pollution,447.200643245918,heavy pollution,68.8886935974593,l4,48609.5240110419,l5,0.360231860825489,0.614789671946234
GS.T19,102.273055,38.4783233333333,NW,N,W,100-110,36-39,7.6,146,0.133132807415755,7.38,5.38,2.64940239043825,3.801,293.922,2.20006468016772,0.0766,0.670632973503435,143.0356,2282.02281648675,0.649,17.0682041216879,1.158,31.5260058881256,47.207376079863,heavy pollution,1.36101404197672,medium pollution,429.351780457031,heavy pollution,65.5084207859212,l4,46237.8780150819,l5,0.293027877495343,0.152716928542342
GS.T5,105.714205,33.9468933333333,NW,N,W,100-110,27-34,10.9,641,0.509675649299484,7.07,2.3,0.556881463802705,58.48,54.758,4.71813104331317,1.5984,13.7769548324429,4.4412,37.0628946090335,264.7696,2020.87663914522,427.4356,7070.39825157844,53.1809751259204,heavy pollution,13.2043264241988,Veryheavy pollution,2431.23856934712,Veryheavy pollution,65.7932450964262,l4,88574.2030677714,l9,1.11845606391838,1.27749449192918
GS.T7,105.714205,33.9468933333333,NW,N,W,100-110,27-34,10.9,641,0.55035903250189,7.02,2.15,0.833333333333333,51.14,30.673,4.45279464562741,0.9742,9.46696733300829,2.6678,29.2113603120429,419.5252,1540.21696733301,238.9684,5833.27645051194,37.4357412580442,heavy pollution,10.0869872110083,Veryheavy pollution,1702.5819112628,Veryheavy pollution,54.0262378306493,l3,69858.7275874963,l7,0.643570334705393,1.86078783129271
GS.T8,105.714205,33.9468933333333,NW,N,W,100-110,27-34,10.9,641,0.543242566654129,7.11,2.19,1.1179876222799,53.17,37.63,4.78003971756399,1.828,13.6974514563107,3.7004,30.6371359223301,288.315,1837.6140776699,285.7772,7939.78155339806,53.1640275383724,heavy pollution,12.638190247687,Veryheavy pollution,2400.90856449376,Veryheavy pollution,72.8875458704023,l4,88439.2575644208,l9,1.10754108956904,1.2650985352516
GX.T5,107.622421666666,24.834055,SW,S,W,100-110,23-27,19.8,1407,1.94821476996014,3.9,1.08,1.98553396681322,4.106,143.1737,5.57866788892367,1.5646,20.3230447614363,6.8423,411.073536645352,0.4477,569.126906050172,114.5741,1985.78455484506,71.6228629204156,heavy pollution,14.0834668035475,Veryheavy pollution,3208.34319443468,Veryheavy pollution,30.1113556072733,l2,33046.3056466794,l4,0.0593787489800201,-0.630811897643576
GX.T7,107.622421666666,24.834055,SW,S,W,100-110,23-27,19.8,1407,1.98311074770141,6.5,2.09,0.493374682830561,6.116,6.6877,1.98134018759019,8.6038,52.7612847222222,20.8119,379.594494047619,0.0553,188.881448412698,530.8855,7012.17757936508,184.336567554801,heavy pollution,18.233353784187,Veryheavy pollution,8065.52533304989,Veryheavy pollution,72.6969461545986,l4,49596.9901968463,l5,0.881292031231543,0.853274224065013
GX.T9,107.622421666666,24.834055,SW,S,W,100-110,23-27,19.8,1407,2.09340176726933,3.94,1.68,0.989819004524887,3.908,12.3777,8.68671328671329,2.5362,23.4770945614895,24.0657,525.532827045566,0.1057,971.036256736894,326.4047,2911.68544830965,83.4110390770366,heavy pollution,19.5255472406936,Veryheavy pollution,3764.47662210401,Veryheavy pollution,42.08440354663,l3,50278.916746177,l6,0.498590989506571,-0.11611010684391
GZ.T10,104.014648333333,26.7506066666666,SW,S,W,100-110,23-27,11.9,899,0.0185023103754521,1.95,8.2,4.95540138751239,9.874,6.4935,0.441362502833824,3.8962,16.9659600997506,21.6557,7577.48753117207,13.3323,4768.72069825436,445.0387,6373.44139650873,169.046019571064,heavy pollution,63.5209637127835,Veryheavy pollution,4372.37246170289,Veryheavy pollution,279.423372751411,l7,304433.381911762,l10,6.88471889493697,0.253324370492047
GZ.T5,104.014648333333,26.7506066666666,SW,S,W,100-110,23-27,11.9,899,0.0274034948269894,4.94,1.47,5.59394537676867,213,50.9575,1.37527016893829,7.1166,228.659267345949,154.4149,14139.6227559437,2.9181,13703.5104318292,161.7219,25356.1135371179,832.87694247128,heavy pollution,261.566714775027,Veryheavy pollution,38530.0416926596,Veryheavy pollution,648.035477962031,l7,760466.725538373,l10,20.9094044436962,1.32063701788415
GZ.T7,104.014648333333,26.7506066666666,SW,S,W,100-110,23-27,11.9,899,0.050951523723801,5.43,1.79,6.43564356435644,227.8,4.4695,0.620705556312753,6.6694,213.451649175412,149.1039,13905.9532733633,1.9219,12712.3113443278,280.7971,18151.3243378311,776.034336467479,heavy pollution,231.129547553868,Veryheavy pollution,36001.8698507889,Veryheavy pollution,577.019648633336,l7,692984.789701014,l10,19.1963252389902,1.36140765740631
HeB.T10,115.251655,41.4223166666666,NE,N,E,110-120,39-43,3.5,399,1.59515826585714,7.72,2.97,0.699300699300699,29.99,291.223,9.09374720657907,0.6442,4.23635693215339,10.6554,66.6973942969518,21.9052,391.511799410029,141.1066,1504.15437561455,15.7465356387906,heavy pollution,5.13135261229786,Veryheavy pollution,715.953539823009,Veryheavy pollution,15.6327919558028,l1,19068.604540481,l2,-0.533618431727792,-0.555774411746316
HeB.T6,115.251655,41.4223166666666,NE,N,E,110-120,39-43,3.5,399,1.458040399144,7.82,3.42,0.298762270593257,26.97,280.424,10.314369063772,0.785,4.08793532338308,10.8974,65.8768656716418,11.189,336.360696517413,144.2272,1721.99004975124,15.2917749598588,heavy pollution,5.04911655003814,Veryheavy pollution,687.872707889126,Veryheavy pollution,17.4173348240465,l1,18818.8597893989,l2,-0.543017140534909,-0.595245994906964
HeB.T8,115.251655,41.4223166666666,NE,N,E,110-120,39-43,3.5,399,1.17255997008404,7.79,3.4,0.548980464850991,29.15,277.159,6.313623364243,0.5662,4.89358913250715,7.442,67.856291706387,12.145,385.598188751192,55.2082,1593.97044804576,18.0017852491937,heavy pollution,5.400144841277,Veryheavy pollution,814.75728585047,Veryheavy pollution,16.4451452608525,l1,19421.3529086061,l2,-0.516280463368486,-0.752805018497163
HLJ.T5,129.291481666666,47.4509883333333,NE,N,E,>120,>45,1.1,636,0.797429446748281,6.93,3.01,0.596590909090909,41.39,46.752,3.67611118571237,6.3288,19.1367552929591,7.0788,126.840226489414,136.2512,2192.06548498277,169.1098,2820.4332840965,69.2513755072238,heavy pollution,15.8132397848947,Veryheavy pollution,3229.98987128086,Veryheavy pollution,31.724207530997,l2,72319.5184693639,l8,0.877060799568804,0.817287860019779
HLJ.T7,129.291481666666,47.4509883333333,NE,N,E,>120,>45,1.1,636,0.703731297035958,6.92,2.94,0.54695269214377,30.52,30.679,3.82379165939627,4.5208,13.0838531669866,4.9746,119.39179462572,140.1754,1895.41026871401,111.8716,2528.98272552783,48.2265909527619,heavy pollution,13.2903677451712,Veryheavy pollution,2275.69666849465,Veryheavy pollution,28.4547953777732,l2,63176.9841019295,l7,0.582747318524783,0.530842033145181
HLJ.T9,129.291481666666,47.4509883333333,NE,N,E,>120,>45,1.1,636,0.839920821699444,6.52,3.28,0.897691650042747,37.22,22.466,4.15112515689439,2.7256,28.2873520710059,2.9632,241.648175542406,99.2226,3914.73619329389,60.505,6592.06114398422,104.588765089627,heavy pollution,29.2800676415274,Veryheavy pollution,4902.79261763877,Veryheavy pollution,70.5450049315615,l4,137598.479510537,l10,2.45855567207391,-0.00817452150827511
HuB.T10,115.476805,29.830675,SE,S,E,110-120,27-34,17.2,1414,0.315944629582158,7.6,2.49,0.697508896797153,24.99,62.102,1.10318072814476,0.0122,0.248033573141487,17.1724,462.955635491607,81.8251,168.458033573142,1.6445,47.1223021582734,9.76644347991501,heavy pollution,1.39601217983426,medium pollution,127.878211716341,light pollution,13.8981901661183,l1,13720.3473341627,l2,-0.655854855049981,-0.40045433774709
HuB.T6,115.476805,29.830675,SE,S,E,110-120,27-34,17.2,1414,0.338100120848134,7.63,2.35,0.795906765207504,25.79,48.891,1.18235124972351,0.009,0.237104622871046,16.3924,441.684914841849,60.4733,221.209245742092,2.1865,48.2725060827251,9.38109060475374,heavy pollution,1.46921758203243,medium pollution,130.74758428919,light pollution,13.3812423980166,l1,14619.6888663264,l2,-0.638527736897357,-0.53118241777958
HuB.T8,115.476805,29.830675,SE,S,E,110-120,27-34,17.2,1414,0.35787527007727,7.98,2.38,1.0989010989011,21.23,36.736,1.02959893048128,0.011,0.203112745098039,12.9504,405.079656862745,127.0041,496.879901960784,1.5501,204.828431372549,9.03677909037716,heavy pollution,2.43039581826128,heavy pollution,161.36656162465,medium pollution,14.1191638238191,l1,21603.0858672416,l3,-0.488840491951548,-0.171126989504688
HuN.T15,112.70138,25.6788533333333,SM,S,M,110-120,23-27,18.2,1446,0.00274654850404658,6.46,2.6,0.495750708215298,46.36,37.64,2.33702570113745,1.1418,12.1140162368672,2.3798,440.860792741165,237.0837,2760.78557784145,123.4255,3799.4746895893,47.8519768962969,heavy pollution,21.980301996332,Veryheavy pollution,2312.47523536635,Veryheavy pollution,50.0038668827578,l3,97920.6191966305,l10,1.37223215429541,0.673409503743214
HuN.T17,112.70138,25.6788533333333,SM,S,M,110-120,23-27,18.2,1446,0.00485223569048229,6.33,2.58,0.298932384341637,41.35,29.076,2.30419380046887,1.3128,19.2773400191022,0.9424,629.1129417383,162.1209,2849.41977077364,230.9217,4671.51384909265,72.6768765093261,heavy pollution,28.6381289204569,Veryheavy pollution,3435.24938600082,Veryheavy pollution,63.1809834244889,l4,108542.363385182,l10,1.73399205366375,0.375767612247118
HuN.T19,112.70138,25.6788533333333,SM,S,M,110-120,23-27,18.2,1446,0.00485223569048229,6.3,2.55,0.398236381738017,35.01,33.672,3.09246130368433,1.0986,19.7442446043165,2.295,649.910071942446,216.4563,3084.30935251799,176.8041,5298.00959232614,74.9994415154594,heavy pollution,30.5730174985641,Veryheavy pollution,3548.0767043508,Veryheavy pollution,69.5884241396274,l4,118131.226582644,l10,1.95299349649078,0.611829821905224
HuN.T5,112.571115,26.54469,SM,S,M,110-120,23-27,18.1,1410,0.813527666898597,3.5,1.04,0.292397660818713,0.6819,3.124,2.50851778656126,1.2704,1.36074879227053,9.6524,188.291062801932,145.1159,3831.22463768116,93.4103,540.652173913043,50.1026149701822,heavy pollution,6.85745550396232,Veryheavy pollution,783.735369220152,Veryheavy pollution,15.9722987414132,l1,102401.694589735,l10,1.30134086572333,0.174704054819368
HuN.T7,112.571115,26.54469,SM,S,M,110-120,23-27,18.1,1410,0.877247592192478,3.13,0.96,0.597864768683274,0.6765,1.768,1.96240739126645,0.461,0.966802492809204,10.5236,279.104745925216,4.8097,4463.19990412272,31.7089,675.215723873442,58.3204614314206,heavy pollution,7.62949261294742,Veryheavy pollution,829.244624024106,Veryheavy pollution,20.7020032651846,l2,120722.765221419,l10,1.71367149336685,-0.812186838898388
HuN.T9,112.571115,26.54469,SM,S,M,110-120,23-27,18.1,1410,0.791372175632622,3.65,0.21,0.198328375123955,0.4735,4.854,1.8470297690562,0.2318,0.791360744003916,2.8034,193.789769946158,400.0901,4785.33284385707,7.8159,570.729319627998,62.267039839166,heavy pollution,6.46337137765069,Veryheavy pollution,835.714635340186,Veryheavy pollution,17.847974667913,l1,126518.607596451,l10,1.83070340194214,1.37601547298324
JS.T5,118.958311666666,32.1656466666666,SE,S,E,110-120,27-34,15.6,996,0.0075118612288804,2.67,14.25,0.617850586075413,7.753,33.295,1.06376598268817,2.5322,914.411188980184,52.4226,4519.14572257129,2.3345,5262.51087481875,562.4994,164211.986466892,3209.86012314917,heavy pollution,349.257808136051,Veryheavy pollution,140201.177725609,Veryheavy pollution,1575.28022633931,l7,1092750.80779825,l10,36.5987479577358,0.413106681419775
JS.T7,118.958311666666,32.1656466666666,SE,S,E,110-120,27-34,15.6,996,0.419343634813766,2.86,21.7,2.23944262761268,6.209,0.449,0.296234521658661,231.2432,6.01878332525448,266.0554,270.873727581192,7.2447,1853.33737275812,25753.0582,790.790111488124,26.6387731939143,heavy pollution,9.98895407126974,Veryheavy pollution,1214.18412852296,Veryheavy pollution,17.5251024645717,l1,55955.9533984015,l6,0.34482622433843,60.9648448851053
JS.T9,118.958311666666,32.1656466666666,SE,S,E,110-120,27-34,15.6,996,0.00873777680594282,6.87,2.4,1.73980968612413,23.67,2.441,0.609088691796009,7.681,152.520365853659,29.243,1802.2012195122,64.2165,4028.11463414634,320.6536,27278.243902439,540.265243872168,heavy pollution,105.915501373282,Veryheavy pollution,23983.7395818815,Veryheavy pollution,296.566344966788,l7,281406.02617825,l10,7.59012023535921,0.927033026754202
JX.T10,115.638268333333,26.2189466666666,SE,S,E,110-120,23-27,19,1580,0.146558912795586,5.51,3.05,-0.276699726893776,3.037,17.194,8.96689693969397,0.4812,9.8845297029703,0.4316,123.174504950495,7.5768,1563.85396039604,9.1766,1765.84158415842,36.6048686290226,heavy pollution,10.8793608594423,Veryheavy pollution,1741.3419377652,Veryheavy pollution,21.3827929069104,l2,50924.3459670215,l6,0.266879807228694,-0.902696266774142
JX.T15,117.70903,28.2095283333333,SE,S,E,110-120,27-34,18.4,1806,0.374352788462044,7.68,0.52,0.0996583143507973,8.779,16.7977,2.99064041578576,0.0958,2.09144864341085,44.7058,706.837451550388,3.3908,32.1875,7.2672,252.301356589147,15.2400194456335,heavy pollution,2.65944238989193,heavy pollution,421.815303156146,heavy pollution,22.4618862480366,l2,16284.2773266742,l2,-0.543025773922725,-0.618206146202574
JX.T17,117.70903,28.2095283333333,SE,S,E,110-120,27-34,18.4,1806,0.48795022350687,7.86,0.43,0.149126544524925,6.164,22.1217,3.69493145743146,0.1028,1.14918154761905,44.8536,566.424851190476,3.6726,28.7872023809524,8.4334,161.706349206349,12.0414490483793,heavy pollution,1.88500088605717,medium pollution,259.024589002268,medium pollution,17.6466301786359,l1,12907.4715714137,l2,-0.648734088391841,-0.613083447874074
JX.T19,117.70903,28.2095283333333,SE,S,E,110-120,27-34,18.4,1806,0.249440847364911,7.67,2.35,0.132293881407985,3.715,16.4457,4.14572995969548,0.1042,1.26440886699507,14.8436,514.119458128079,2.0928,28.5886699507389,5.2142,158.275862068965,11.0012278002349,heavy pollution,1.87105796763444,medium pollution,268.773821252639,medium pollution,16.1233358598757,l1,11839.1682562317,l2,-0.67703424456207,-0.869205396752113
JX.T27,117.724083333333,29.002485,SE,S,E,110-120,27-34,16.6,1851,0.0476877559220062,8.41,3.33,0.0997861724875267,13.36,27.9487,0.0321305993135615,0.5406,3.51730396902227,5.2152,73.4329622458858,0.6336,19.9104549854792,18.1062,228.944820909971,12.278370327083,heavy pollution,1.48824841619665,medium pollution,543.219817452635,heavy pollution,4.15852782810646,l1,3196.51696096485,l1,-0.888758938272235,-0.886307537736922
JX.T28,117.724083333333,29.002485,SE,S,E,110-120,27-34,16.6,1851,0.0591156647411224,8.19,2.49,0.0748502994011976,3.695,35.2317,0.0407518864534674,0.5634,2.60214920948617,8.5188,80.465662055336,0.4524,11.973814229249,18.7716,215.192687747036,9.13857702988428,heavy pollution,1.22446927536935,medium pollution,405.679947769622,heavy pollution,4.21753719362912,l1,3059.83847031115,l1,-0.904725184079064,-0.856980311494888
JX.T35,115.826671666666,29.6879683333333,SE,S,E,110-120,27-34,17.3,1478,0.248084094886735,2.5,5.11,0.0740375123395854,0.2248,27.7977,2.03587565515995,6.7058,5.5749254473161,406.5866,690.935636182902,0.1106,50.8374751491054,52.99884,562.301192842942,20.6313340514576,heavy pollution,4.62811986388319,Veryheavy pollution,947.829416358989,Veryheavy pollution,24.7705089703263,l2,18088.9504607692,l2,-0.454082388455155,3.16473397031793
JX.T37,115.826671666666,29.6879683333333,SE,S,E,110-120,27-34,17.3,1478,0.228808568401025,2.48,6.41,0.171448565430371,0.1062,4.4927,1.47224857054209,7.6968,6.12713310580205,1505.8764,1528.99195514383,0.161,47.8230131643101,131.71164,1219.57581667479,33.8112704921138,heavy pollution,6.90755343904003,Veryheavy pollution,1156.52500522393,Veryheavy pollution,54.4319189706319,l3,38237.9997562165,l4,0.0991380608840649,12.289836578024
JX.T39,115.826671666666,29.6879683333333,SE,S,E,110-120,27-34,17.3,1478,0.3749336489261,2.45,3.93,0.110884257955505,0.223,1.9537,2.49671518137035,0.4922,1.58460591133005,190.2514,730.917487684729,0.0704,63.9088669950739,17.56372,254.679802955665,15.6163672775379,heavy pollution,2.97703199088939,heavy pollution,353.784306826179,heavy pollution,23.2135902402186,l2,17567.8100577799,l2,-0.519226717706088,0.603047524959707
JX.T45,115.655556666666,29.749905,SE,S,E,110-120,27-34,17,1460,0.105706277080088,7.92,2.3,0.165180046250413,10.21,26.2157,0.524405460632146,0.0746,0.773194643711143,63.6368,774.754901960784,9.8104,75.1482544237207,10.5316,144.380679100909,16.2615089000442,heavy pollution,2.2812216061878,heavy pollution,238.837739974038,medium pollution,23.5151876183604,l2,18139.2255297498,l2,-0.512778019858789,-0.425977374067744
JX.T47,115.655556666666,29.749905,SE,S,E,110-120,27-34,17,1460,0.00109206699962091,7.62,2.33,1.19284294234592,5.023,62.8077,0.28180049522462,0.1004,1.37001459143969,89.4786,2617.63740272374,21.07,201.622081712062,18.5916,291.464007782101,54.521449625146,heavy pollution,5.44360515073083,Veryheavy pollution,611.168183713174,Veryheavy pollution,77.6485684167024,l4,58937.1070093765,l6,0.625037554987842,-0.137874200767262
JX.T5,115.638268333333,26.2189466666666,SE,S,E,110-120,23-27,19,1580,0.364448863641335,4.95,2.88,0.0995449374288964,2.464,17.772,8.13245454545455,0.469,7.95939024390244,0.398,102.25,4.1354,1350.57804878049,8.6756,2009.9756097561,29.94134028841,heavy pollution,9.79513862963927,Veryheavy pollution,1421.55515679442,Veryheavy pollution,22.5593537464165,l2,46445.1230056849,l5,0.133728979295848,-0.925174675056402
JX.T50,115.655556666666,29.749905,SE,S,E,110-120,27-34,17,1460,0.00415674289482515,7.87,2.01,0.394811054709532,10.58,51.6067,0.421374485232254,0.063,0.397832440331223,63.193,827.283244033122,11.1386,118.672674135412,9.579,170.457866536775,17.2997223543333,heavy pollution,2.29497383945515,heavy pollution,196.516004453413,medium pollution,25.3053400972799,l2,20412.4700603188,l3,-0.46168776773387,-0.424404812551451
JX.T7,115.638268333333,26.2189466666666,SE,S,E,110-120,23-27,19,1580,0.0144678332386949,6.35,1.83,0.111813147806333,3.836,33.393,8.94498142907676,0.4284,3.53441147859922,1.7896,80.210359922179,20.6978,463.246595330739,12.7282,737.913424124514,13.09497279476,heavy pollution,4.48268781789044,Veryheavy pollution,615.177563924402,Veryheavy pollution,9.45813519158812,l1,17094.372741801,l2,-0.581401000741414,-0.817268483377944
LN.T10,123.58344,40.71797,NE,N,E,>120,39-43,6.5,886,1.50050739047621,8.05,0.79,0.197851893725268,76.08,58.932,13.0339644599615,0.7348,10.1017971442639,29.378,561.527572624323,121.309,9896.76760216642,63.2338,1346.84884293452,131.246811774386,heavy pollution,23.6915065949679,Veryheavy pollution,3022.78022789618,Veryheavy pollution,43.0467076059768,l3,265810.575321243,l10,5.11496514469355,0.0928634405207607
LN.T6,123.58344,40.71797,NE,N,E,>120,39-43,6.5,886,1.58004064951428,7.68,0.8,0.546331772385412,74.42,53.03,5.33094354624967,0.7674,9.96926627793975,18.2184,567.644557823129,978.129,6486.84888241011,51.183,1396.96307094266,87.6053505778585,heavy pollution,21.4999170727066,Veryheavy pollution,2517.14434957657,Veryheavy pollution,38.4258452554558,l2,180947.759477045,l10,3.22188153114514,4.99476049777213
LN.T8,123.58344,40.71797,NE,N,E,>120,39-43,6.5,886,1.37210155271014,7.68,1.06,0.496102055279943,71.9,36.982,5.99057827180098,0.6712,8.71749150897623,26.904,507.090004852014,1065.438,8964.57302280446,47.3436,1265.91460456089,118.780926535682,heavy pollution,21.3820745928903,Veryheavy pollution,2673.37759062868,Veryheavy pollution,39.34244507982,l2,240981.101908702,l10,4.53463530932107,5.5584127909328
NM.T16,116.550043333333,44.1954833333333,NE,N,E,110-120,43-35,1,312,1.04871947695349,3.4,3.73,2.99060096838508,10.78,3.788,7.81370368761673,0.8346,1.29801720019111,8.3696,261.663879598662,0.0202,1179.734830387,288.6164,678.332537028189,16.2915512015137,heavy pollution,5.80109540775545,Veryheavy pollution,407.400006825473,heavy pollution,15.1984863083165,l1,38306.0911505951,l4,-0.120367653167755,-0.499351024054318
NM.T18,116.550043333333,44.1954833333333,NE,N,E,110-120,43-35,1,312,0.964985050817091,3.43,3.63,3.54493580599144,11.61,3.3,9.65122076644457,0.6254,1.85280373831776,14.0436,302.342597147073,0.0604,504.813084112149,266.4438,1354.7220855878,9.26867951064551,heavy pollution,6.32083687524396,Veryheavy pollution,406.775736069145,heavy pollution,21.2133918717719,l2,25810.5295980976,l3,-0.390227134442925,-0.505862929509621
NM.T20,116.550043333333,44.1954833333333,NE,N,E,110-120,43-35,1,312,1.14310234120082,3.18,3.59,2.6182074805928,10.31,1.962,9.08105797428378,0.4524,1.39789081885856,12.336,350.899503722084,0.0604,398.354838709677,133.4082,590.719602977667,8.56085906291279,heavy pollution,4.68299895830148,Veryheavy pollution,322.62715349167,heavy pollution,15.7888981053632,l1,20095.8965185918,l3,-0.513460811161165,-0.702694366469254
NM.T26,107.045256666666,41.0975116666666,NE,N,E,100-110,39-43,7.2,129,0.579460611363256,7.12,5.47,0.396656750247911,60.13,152.3445,6.35847067162857,0.8668,8.48769493177388,3.2672,124.957358674464,120.4536,1284.51998050682,139.5464,4402.04678362573,33.1179087179599,heavy pollution,12.5728567837613,Veryheavy pollution,1518.52861319967,Veryheavy pollution,43.913308322497,l3,57841.4403607703,l6,0.382121197645106,-0.0146881057544719
NM.T28,107.045256666666,41.0975116666666,NE,N,E,100-110,39-43,7.2,129,0.42851915971878,6.87,8.23,0.398066533977822,59.43,258.2385,9.13478222023677,1.3816,7.23181818181818,6.603,153.028255528256,187.4674,1480.80343980344,203.929,4323.78378378378,29.396354623035,heavy pollution,13.1081775990804,Veryheavy pollution,1361.41509301509,Veryheavy pollution,44.3218801865228,l3,62889.0637065637,l7,0.479504124842022,0.545301648184739
NM.T30,107.045256666666,41.0975116666666,NE,N,E,100-110,39-43,7.2,129,1.06412276539553,6.9,4.35,0.298253089049851,58.9,108.9465,8.97087991021324,0.9426,10.3292592592593,3.2564,115.66049382716,152.0486,1107.86913580247,156.5864,5200.64197530864,39.3975283690614,heavy pollution,13.0135893958479,Veryheavy pollution,1776.18525573192,Veryheavy pollution,50.3415145746881,l3,57455.5185649308,l6,0.394836286737112,0.199754475614506
NM.T35,107.080975,41.1587533333333,NE,N,E,100-110,39-43,6.5,133,1.74272588197894,6.14,6.16,0.647042093287827,54.43,187.6665,12.1308217374128,0.899,7.68553838725253,6.2694,110.532351521004,141.3828,1092.43602124577,191.693,4718.85562530179,30.3481300191294,heavy pollution,11.6224126665838,Veryheavy pollution,1371.87193902187,Veryheavy pollution,45.95250460383,l3,54412.526502761,l6,0.28966311027284,0.199184640147596
NM.T38,107.080975,41.1587533333333,NE,N,E,100-110,39-43,6.5,133,1.69485443823526,6.73,6.21,0.597099800966733,52.67,242.6675,9.74738756903656,1.4838,7.09582931533269,1.5434,106.852700096432,128.5034,1283.09305689489,231.6448,4531.43683702989,28.6243485732143,heavy pollution,11.6417394788526,Veryheavy pollution,1308.25244524039,Veryheavy pollution,44.5035095556281,l3,58114.7324827256,l6,0.364091095318136,0.206291714017545
NM.T40,107.080975,41.1587533333333,NE,N,E,100-110,39-43,6.5,133,1.6396346130305,5.93,4.64,0.796472763476035,52.8,129.1505,7.95916073844542,0.6738,7.06517042726836,4.1948,117.072731637062,117.5356,1274.50072011522,113.8836,4197.16754680749,28.3053148782289,heavy pollution,11.6524134536641,Veryheavy pollution,1300.54344695151,Veryheavy pollution,41.8753018916387,l3,56344.7936481867,l6,0.327682115031753,-0.0791767058190647
NM.T7,118.934201666666,44.4434816666666,NE,N,E,110-120,43-35,2.1,394,0.38112969866909,8.43,0.22,0.49680624556423,19.39,20.196,0.654112347871281,0.224,2.24714149595045,1.8568,16.1326822296332,244.7208,913.046688899476,42.3152,890.543115769414,12.8569706413902,heavy pollution,3.32903547765297,Veryheavy pollution,478.716565711563,heavy pollution,9.6301335546448,l1,27851.9409081303,l3,-0.369826829180064,0.50211564896759
NM.T8,118.934201666666,44.4434816666666,NE,N,E,110-120,43-35,2.1,394,0.353276834195996,8.83,0.3,0.197349873132224,16.89,17.684,0.0108209446125509,0.2342,2.66123974915581,2.2722,13.3924264351182,247.8402,1037.45055475157,45.6822,1052.12252773758,14.6623098736759,heavy pollution,3.56813632745172,Veryheavy pollution,559.82761353456,heavy pollution,11.1522834638205,l1,31760.6082409352,l4,-0.277869970949239,0.529044190994644
NM.T9,118.934201666666,44.4434816666666,NE,N,E,110-120,43-35,2.1,394,0.376237795279001,8.88,0.27,0.792751981879954,16.24,18.212,0.0149008385465193,0.2382,2.17996583699366,2.0208,18.1124938994632,241.6016,977.542703757931,45.9696,904.489995119571,13.6539769631773,heavy pollution,3.47287419302411,Veryheavy pollution,478.276232308443,heavy pollution,9.9061506860719,l1,29576.8623150115,l3,-0.332256260212298,0.491422287992456
QH.T10,99.8089633333333,35.32498,NW,N,W,96-100,34-36,-0.9,379,0.243222320394729,7,2.25,0.099488345650938,8.905,47.94,1.73156126482213,0.4286,29.9356280193237,16.2462,1913.33937198068,12.6532,174.775362318841,14.9516,2538.84057971014,106.859143951416,heavy pollution,18.0393629107475,Veryheavy pollution,4814.03471359558,Veryheavy pollution,77.3443922663813,l4,56212.316252588,l6,0.897182401795149,-0.744378495566641
QH.T12,95.5555716666666,37.2919133333333,NW,N,W,90-96,36-39,2.8,80,0.499533758817914,7.67,2.71,0.0987584650112868,29.04,41.975,1.30003995028409,0.3166,4.1585693359375,1.7428,102.935791015625,122.7932,904.87548828125,12.1224,823.095703125,15.9237872628441,heavy pollution,6.03718615586232,Veryheavy pollution,775.989397321429,Veryheavy pollution,11.5324287075408,l1,29042.3897420553,l3,-0.303510770979068,-0.236025606784791
QH.T14,95.5555716666666,37.2919133333333,NW,N,W,90-96,36-39,2.8,80,0.414264744072444,7.78,4.18,0.0497937117655428,25.24,88.412,1.80517529950669,1.2038,9.94028585271318,0.9388,77.7676841085271,177.9336,987.80765503876,42.5154,1444.64631782946,35.8035377264698,heavy pollution,8.23389226168842,Veryheavy pollution,1657.71438953488,Veryheavy pollution,16.4095657621307,l1,33924.9487727312,l4,-0.11440676898175,0.225664132894679
QH.T17,95.5555716666666,37.2919133333333,NW,N,W,90-96,36-39,2.8,80,0.406114497920149,7.84,3.94,0.0992907801418441,30.1,93.837,1.40972014432808,0.7882,12.0845837366893,2.8762,88.5830106485963,214.3584,998.080832526621,23.4634,1791.33591481123,43.295981541527,heavy pollution,9.44992604354443,Veryheavy pollution,1985.83861153367,Veryheavy pollution,19.7728491787487,l1,36238.0832435639,l4,-0.0314595104779847,0.379688831639407
QH.T7,99.8089633333333,35.32498,NW,N,W,96-100,34-36,-0.9,379,0.0607542434201787,7.62,2.19,0.830959164292498,6.574,56.102,2.50865483024073,0.368,25.2406999510524,30.673,2237.79368575624,22.1718,293.751835535977,14.6354,2303.32843857073,91.5218674699977,heavy pollution,19.976144175783,Veryheavy pollution,4170.78763722817,Veryheavy pollution,84.6968972410051,l5,64402.7415730957,l7,1.04907700606446,-0.579755976057319
QH.T9,99.8089633333333,35.32498,NW,N,W,96-100,34-36,-0.9,379,0.0298504737094587,7.61,2.37,0.398349694124342,11.17,72.677,3.00104996062648,1.0578,26.0427093358999,37.1268,1800.43912415784,103.977,796.38354186718,46.375,2322.20885466795,94.0144819798364,heavy pollution,24.5171073809584,Veryheavy pollution,4300.60315550667,Veryheavy pollution,73.1450488956233,l4,68326.5422489091,l7,1.09622627568077,0.0737522631323795
SC.T10,99.5688583333333,31.1741116666666,NW,N,W,96-100,27-34,4.5,591,0.200914606306118,7.46,1.06,0.596506178099702,4.278,11.842,2.5074972216048,0.4884,3.16222493887531,27.1145,150.690709046455,892.5657,1597.32762836186,101.7621,762.493887530562,22.0403588870344,heavy pollution,7.01252772065989,Veryheavy pollution,731.675585050646,Veryheavy pollution,13.4208552938084,l1,46982.7179348126,l5,0.0873949016183567,4.5943371700034
SC.T5,99.5688583333333,31.1741116666666,NW,N,W,96-100,27-34,4.5,591,0.197968127131532,7.01,0.94,0.784313725490196,4.04,5.93,1.63915568461023,0.3384,3.12862407862408,11.7197,179.883292383292,983.3259,1952.44963144963,94.7407,906.117936117936,26.6645080942479,heavy pollution,8.02554222200864,Veryheavy pollution,782.97378027378,Veryheavy pollution,16.0481261797733,l1,57200.2957177957,l6,0.317132693418316,4.9725328241833
SC.T7,99.5688583333333,31.1741116666666,NW,N,W,96-100,27-34,4.5,591,0.187899813582489,7.24,1.1,0.199203187250996,4.238,10.885,2.19915151515151,0.588,4.99592592592593,29.4675,216.895061728395,1096.4243,2230.85679012346,102.8297,1249.11111111111,31.1049311107009,heavy pollution,10.5908738235076,Veryheavy pollution,1111.55883597884,Veryheavy pollution,20.5359072945809,l2,66719.2751786874,l7,0.559653035624096,5.81729531226162
XJ.T10,92.6505316666666,42.1251283333333,NW,N,W,90-96,39-43,11.7,25,0.485915508886521,8.71,11.91,0.348357742073084,7.691,85.36,3.38655892255892,0.0128,0.408493827160494,1.8732,39.4135802469136,0.8,15.1037037037037,0.9174,84.4444444444444,1.52659854725379,light pollution,0.540839834120362,unpolluted,69.9067019400353,light pollution,1.88810581970856,l1,1613.22645502645,l1,-0.974197473834814,-0.998329931333407
XJ.T15,89.669495,46.8106933333333,NW,N,W,<90,>45,3,164,1.71596351058426,8.45,2.48,0.597609561752988,21.48,69.814,1.35826324923241,0.0168,0.105188448360255,12.0604,214.249877630935,0.0806,18.0788056779246,0.7006,25.6240822320117,4.46287940840219,heavy pollution,0.456692481024412,unpolluted,49.2243199776239,light pollution,6.37314017163959,l1,4872.58263132133,l1,-0.884826379687181,-0.919758832142017
XJ.T17,89.669495,46.8106933333333,NW,N,W,<90,>45,3,164,1.40986104690908,8.72,0.65,0.77578290744435,15.89,26.391,1.05110232762407,0.0188,0.0808695652173913,6.5614,319.667874396135,0.2214,11.707729468599,0.3552,33.3574879227053,6.62696049981915,heavy pollution,0.452881644566865,unpolluted,59.8033816425121,light pollution,9.44228814327483,l1,6862.19409029821,l1,-0.828290952660431,-0.963666021419924
XJ.T19,89.669495,46.8106933333333,NW,N,W,<90,>45,3,164,1.28582485315973,8.9,0.67,0.246965848151284,12.9,30.058,0.870933245498463,0.0226,0.340265700483092,12.2622,262.469806763285,0.4126,15.7898550724638,0.4972,24.2512077294686,5.51032347095488,heavy pollution,0.614397513910279,unpolluted,91.0337474120083,light pollution,7.73801570244154,l1,5774.21091678471,l1,-0.855393639519192,-0.91571783272284
XJ.T27,86.3296316666666,48.2648716666666,NW,N,W,<90,>45,3.2,240,0.803574342396294,5.91,0.36,3.1312268716197,33.58,360.79,8.17583672546359,0.2316,1.27699004975124,3.0508,35.6281094527363,0.6742,16.2611940298507,2.175,89.9253731343283,4.48268005469927,heavy pollution,0.725606112326313,unpolluted,199.860518834399,medium pollution,1.8390350107208,l1,1601.50483484831,l1,-0.961800316539751,-0.961038233718543
XJ.T28,86.3296316666666,48.2648716666666,NW,N,W,<90,>45,3.2,240,0.719014071015444,6.46,0.2,1.92444761225944,19.14,487.367,9.2870202020202,0.159,1.04673913043478,2.5762,35.8756038647343,0.3824,16.804347826087,5.1052,95.6521739130435,3.6975085380911,heavy pollution,0.708167083375532,unpolluted,165.493098688751,medium pollution,1.89417926169776,l1,1648.52997530057,l1,-0.964247587474013,-0.971970723845877
XJ.T29,86.3296316666666,48.2648716666666,NW,N,W,<90,>45,3.2,240,0.791989617452645,6.52,0.17,2.84212022168538,24.12,589.081,8.29189159486548,0.1842,0.781794003868472,2.1108,36.6114603481625,0.7748,11.7190522243714,8.9068,99.5406189555126,2.78968661686211,medium pollution,0.610727875620602,unpolluted,125.168865708759,light pollution,1.93827293036845,l1,1554.68774996001,l1,-0.970288868801269,-0.965725597423968
XJ.T35,89.79894,47.1937216666666,NW,N,W,<90,>45,2.2,152,0.276984916524881,8.16,0.13,1.08757062146893,3.23,148.84,1.45425212718316,0.009,0.254556650246305,0.7852,50.1046798029557,0.2416,8.83497536945813,0.6644,34.4334975369458,1.13516779222634,light pollution,0.356582063961408,unpolluted,46.9477832512315,light pollution,1.74736298074201,l1,1406.01517648802,l1,-0.97952610046469,-1.01118163151712
XJ.T37,89.79894,47.1937216666666,NW,N,W,<90,>45,2.2,152,0.376350090101606,8.31,0.17,0.697111964717599,4.309,472.352,1.37082426056977,0.007,0.806761477045908,1.6456,39.0780938123753,0.3322,6.85379241516966,0.4394,26.8213572854291,2.8430760151015,medium pollution,0.394202836515265,unpolluted,127.844133162247,light pollution,1.36922212782283,l1,1099.83430695001,l1,-0.97925738349985,-1.00420103314509
XJ.T39,89.79894,47.1937216666666,NW,N,W,<90,>45,2.2,152,0.331126186884057,8.19,0.16,0.768772161034234,2.905,258.627,1.44306625577812,0.0128,1.17033898305085,0.6278,40.7566585956416,0.2316,8.68523002421307,0.4352,24.6246973365617,4.09254861110544,heavy pollution,0.454059542088362,unpolluted,182.860221376686,medium pollution,1.40492843422555,l1,1170.22715687524,l1,-0.971968218002736,-1.0123257542353
XJ.T5,92.6505316666666,42.1251283333333,NW,N,W,90-96,39-43,11.7,25,0.482108711349951,9.4,2.9,0,6.067,36.06,2.68828645856329,0.009,0.216561437591064,4.842,188.738465274405,0.2364,23.0621661000486,0.5234,51.1656143759106,3.97956697005465,heavy pollution,0.669540956019106,unpolluted,63.253104835912,light pollution,5.8752236237405,l1,4622.16303264232,l1,-0.891947949663654,-0.978512915030129
XJ.T6,92.6505316666666,42.1251283333333,NW,N,W,90-96,39-43,11.7,25,0.484606320759912,8.78,6.35,0.297787861599546,7.767,53.214,3.67104884734642,0.009,0.167375185368265,0.7034,38.4391992090954,0.2364,23.4725654967869,0.228,29.4859120118636,0.886730344034147,unpolluted,0.369068790363357,unpolluted,34.2456747404844,light pollution,1.39252266103958,l1,1511.98266922868,l1,-0.979845871246347,-1.01240515199383
YN.T10,102.031686666666,24.88304,SW,S,W,100-110,23-27,19.1,845,0.241230916821369,9.05,0.3,0.29816839415022,0.6559,14.8925,1.07627015309579,1.2698,16.4266020864382,856.1935,3437.66145057129,143.1035,1536.80327868852,45.8054,27026.0307998013,151.93799560385,heavy pollution,55.9113574287091,Veryheavy pollution,3444.88843942942,Veryheavy pollution,335.767440108632,l7,249532.91121806,l10,5.01667955678011,6.96416906327503
YN.T15,103.10089,26.1922716666666,SW,S,W,100-110,23-27,19.5,726,0.197445710656474,9.32,0.24,0.89146738361398,114.8,6.082,0.739410661315652,0.0118,0.179558541266795,379.0191,1107.68354126679,1.8413,30.8709213051823,5.714,54.6065259117082,22.9137548255783,heavy pollution,1.08717928026033,medium pollution,190.130483959419,medium pollution,32.1722836685198,l2,23214.1291869309,l3,-0.368213034673968,2.06930138006976
YN.T17,103.10089,26.1922716666666,SW,S,W,100-110,23-27,19.5,726,0.286435222333707,8.74,0.39,0.787733858489239,111.9,16.328,1.83410434393193,0.0504,0.213004926108374,416.8003,1201.97660098522,3.9745,29.6231527093596,11.4542,102.881773399015,24.8790828311598,heavy pollution,1.34279907839631,medium pollution,208.922378606615,medium pollution,35.2846137207887,l2,25323.1153190859,l3,-0.309749990097743,2.39961304406529
YN.T20,103.10089,26.1922716666666,SW,S,W,100-110,23-27,19.5,726,0.280361914723323,8.9,0.39,1.49444918872758,108.6,17.559,1.6854678817515,0.0376,0.18119804400978,314.2125,1197.43887530562,2.5055,24.2469437652812,7.455,87.7017114914426,24.769573160902,heavy pollution,1.17751154190734,medium pollution,202.583269297939,medium pollution,35.0143647482901,l2,25017.8333272055,l3,-0.317475027416245,1.55337511991088
YN.T25,103.723503333333,26.6435616666666,SW,S,W,100-110,23-27,10.6,944,0.169057080110515,8.42,0.17,1.35696482968707,126.9,4.31,0.809734921751363,1.159,29.3117746615087,4.9459,39.5853481624758,512.6853,5455.81963249516,888.9398,24871.8085106383,144.082314425804,heavy pollution,28.4598874048955,Veryheavy pollution,5430.54213871235,Veryheavy pollution,226.10111359954,l7,268300.822913788,l10,5.23826720309769,3.23590101486585
YN.T27,103.723503333333,26.6435616666666,SW,S,W,100-110,23-27,10.6,944,0.090193531790475,7.7,1.5,1.23937677053824,101.5,10.181,1.89918386408112,1.0432,9.30369373776908,22.5701,61.5031800391389,475.3549,4524.99266144814,250.0398,12061.0322896282,70.8965689781509,heavy pollution,18.992670059892,Veryheavy pollution,2171.37807520268,Veryheavy pollution,113.679322532841,l6,177900.452406089,l10,3.01053776258719,2.36999153475098
YN.T30,103.723503333333,26.6435616666666,SW,S,W,100-110,23-27,10.6,944,0.1516128951482,7.51,1.3,1.48388920293951,NA,18.624,1.46397430732734,2.3712,23.715780403742,16.8557,68.076070901034,493.0641,10603.0452978828,342.8364,24960.6597735106,157.15044415076,heavy pollution,36.5280790923835,Veryheavy pollution,5331.41956812267,Veryheavy pollution,235.520094104087,l7,397978.945841339,l10,8.04668166302426,2.70348238742638
YN.T35,99.38822,26.3942616666666,SW,S,W,96-100,23-27,13.7,1152,0.260228660816427,7.82,0.6,0.69731037427067,26.92,52.0087,1.57801243051604,16.7296,269.844366875301,2.0135,29.977130476649,377.1485,1822.57342320655,522.681,22865.9123736158,936.110029529526,heavy pollution,34.426386104275,Veryheavy pollution,40969.9642341289,Veryheavy pollution,205.484138836439,l7,168438.245182648,l10,6.66658682065519,3.89392741326682
YN.T37,99.38822,26.3942616666666,SW,S,W,96-100,23-27,13.7,1152,0.102129933565858,7.68,0.62,1.24626121635095,21.35,50.2757,1.68025935297307,15.996,280.500372763419,1.7311,38.3511431411531,380.9721,2368.97862823062,521.4492,30143.8369781312,975.747011258971,heavy pollution,42.2975339267039,Veryheavy pollution,42720.3985373473,Veryheavy pollution,269.966142108374,l7,220646.836228867,l10,7.94288537618339,3.82208819118067
YN.T39,99.38822,26.3942616666666,SW,S,W,96-100,23-27,13.7,1152,0.112547461126383,7.86,0.76,1.49508756941478,30.49,55.5247,1.87176677489178,15.6358,265.286086309524,1.8789,31.0329861111111,285.5831,1648.55406746032,685.2802,25977.8273809524,921.394169742529,heavy pollution,34.8143430966591,Veryheavy pollution,40292.6322278912,Veryheavy pollution,232.256888224647,l7,180454.819293397,l10,6.84429065769362,3.42104357401346
YN.T5,102.031686666666,24.88304,SW,S,W,100-110,23-27,19.1,845,0.0251234071421672,8.96,0.26,0.594311589075987,0.5126,13.8125,1.08385626841986,1.3914,16.8163341645885,782.3787,3839.3578553616,98.3271,1618.67082294264,36.6078,21412.4688279302,125.266955172955,heavy pollution,55.2587416130814,Veryheavy pollution,3516.29319558247,Veryheavy pollution,298.560791956006,l7,230071.248710929,l10,4.6751834756115,6.10843563466414
YN.T7,102.031686666666,24.88304,SW,S,W,100-110,23-27,19.1,845,0.315770676446121,8.83,0.27,0.498291571753986,1.366,14.2145,1.07811761558696,1.3456,16.4133153506621,733.4377,3604.66527709662,130.0227,1572.03776360961,33.8158,23034.8455125061,132.450794218102,heavy pollution,54.6606225064799,Veryheavy pollution,3431.87476353955,Veryheavy pollution,305.886911980045,l7,232747.516612153,l10,4.68958105247447,5.88792247782713
YQ.T10,111.651128333333,35.261405,NE,N,E,110-120,34-36,12.6,552,1.15968504064117,8.4,0.83,0.346632710809281,3.538,146.116,16.1884152812168,0.406,1.44297178988327,18.8412,237.797908560311,5.8512,90.8000972762646,0.6842,68.7013618677043,5.54606438691445,heavy pollution,1.72813064811024,medium pollution,264.075354363535,medium pollution,7.54692607830702,l1,7397.85365956233,l1,-0.80576540261898,-0.783192948954432
YQ.T8,111.651128333333,35.261405,NE,N,E,110-120,34-36,12.6,552,1.13121707492093,8.77,0.41,0.395424375088264,4.122,180.523,10.7912447067303,0.132,0.677279484638256,27.863,329.664271555996,3.386,120.730921704658,0.8954,106.739345887017,7.13361616621889,heavy pollution,1.86077089062715,medium pollution,167.001486620416,medium pollution,10.5398428653397,l1,10178.1822153252,l2,-0.74465817442032,-0.75798783108954
YQ.T9,111.651128333333,35.261405,NE,N,E,110-120,34-36,12.6,552,1.2979136943403,9.04,0.19,0.86560203504805,4.257,70.611,15.2384373172597,0.312,1.27003958436418,14.848,218.462394854033,7.3,191.531420089065,0.9462,155.1459673429,5.26805829148064,heavy pollution,2.42097779694252,heavy pollution,250.627942319926,medium pollution,7.8987494760141,l1,9983.16283348153,l1,-0.753663982044408,-0.818350999252166
ZJ.T7,119.820966666666,30.1111433333333,SE,S,E,110-120,27-34,16.5,1406,0.0218047185913527,7.7,1.79,1.30682348548492,5.493,113.684,2.69653180479971,4.8976,21.1318694798822,57.3161,266.860893032385,177.2091,1600.75318940137,334.2063,3389.22963689892,75.8684299984699,heavy pollution,18.895537313999,Veryheavy pollution,3470.47473012758,Veryheavy pollution,39.7861004820792,l2,63345.040241059,l7,0.720105560451432,1.48781201354428
